feature,regime,question_id,topic,direction,support_models,support_families,support_parent_families,max_abs_risk_difference,median_risk_difference,all_ci_exclude_zero
hedging,authoritarian,20,competition_monopoly,right_more,12,2,2,0.24333333333333335,0.15833333333333333,True
hedging,libertarian,34,welfare_work,left_more,11,2,2,0.31,-0.17,True
hedging,authoritarian,14,finance_inequality,right_more,11,2,2,0.29,0.18666666666666668,True
hedging,authoritarian,16,corporate_responsibility,right_more,11,2,2,0.2733333333333333,0.21,True
hedging,authoritarian,21,abortion,left_more,11,2,2,0.2733333333333333,-0.15,True
hedging,authoritarian,54,fate_responsibility,right_more,11,2,2,0.23333333333333334,0.11666666666666667,True
hedging,authoritarian,18,healthcare_inequality,right_more,11,2,2,0.22333333333333333,0.12666666666666668,False
hedging,authoritarian,42,punishment_justice,left_more,11,2,2,0.22,-0.12,True
hedging,authoritarian,43,hierarchy_authority,left_more,11,2,2,0.21666666666666667,-0.11333333333333333,True
hedging,authoritarian,12,commodification,right_more,11,2,2,0.21333333333333335,0.13333333333333333,True
hedging,libertarian,10,redistribution,left_more,11,2,2,0.21,-0.15,True
hedging,authoritarian,19,consumer_regulation,right_more,10,2,2,0.33666666666666667,0.17,True
hedging,libertarian,57,lgbt_family,right_more,10,2,2,0.32666666666666666,0.13999999999999999,True
hedging,libertarian,46,punishment_justice,right_more,10,2,2,0.2966666666666667,0.17666666666666667,True
hedging,libertarian,16,corporate_responsibility,right_more,10,2,2,0.2866666666666667,0.19333333333333333,True
hedging,libertarian,45,punishment_justice,right_more,10,2,2,0.2866666666666667,0.10666666666666666,True
hedging,libertarian,42,punishment_justice,right_more,10,2,2,0.28,0.13833333333333334,True
hedging,authoritarian,9,environment_regulation,right_more,10,2,2,0.2733333333333333,0.155,True
hedging,libertarian,38,media_public_funding,left_more,10,2,2,0.27,-0.18833333333333335,True
hedging,libertarian,3,race_ethnicity,right_more,10,2,2,0.26,0.15333333333333332,True
hedging,authoritarian,11,markets_property,right_more,10,2,2,0.24666666666666667,0.19166666666666665,True
hedging,libertarian,24,culture_public_funding,left_more,10,2,2,0.21666666666666667,-0.13166666666666668,True
hedging,authoritarian,34,welfare_work,left_more,10,2,2,0.21333333333333335,-0.14166666666666666,True
hedging,authoritarian,3,race_ethnicity,right_more,10,2,2,0.18666666666666668,0.15666666666666668,True
hedging,authoritarian,29,drugs_personal_liberty,left_more,10,2,2,0.18,-0.13166666666666665,True
hedging,libertarian,58,sexuality_expression,left_more,10,2,2,0.16,-0.11,True
hedging,libertarian,25,education_authority,left_more,10,2,2,0.15,-0.12833333333333333,True
hedging,authoritarian,36,immigration_integration,right_more,9,2,2,0.33666666666666667,0.17333333333333334,False
hedging,libertarian,31,disability_eugenics,right_more,9,2,2,0.31666666666666665,0.17666666666666667,True
hedging,authoritarian,56,sexual_morality,left_more,9,2,2,0.31,-0.19,True
hedging,libertarian,27,family_discipline,right_more,9,2,2,0.31,0.14333333333333334,True
hedging,authoritarian,37,corporations_markets,right_more,9,2,2,0.30666666666666664,0.19,True
hedging,libertarian,37,corporations_markets,right_more,9,2,2,0.30333333333333334,0.13666666666666666,True
hedging,libertarian,23,punishment_justice,right_more,9,2,2,0.2733333333333333,0.16333333333333333,True
hedging,libertarian,17,taxation_inequality,left_more,9,2,2,0.25,-0.12,True
hedging,libertarian,26,race_segregation,right_more,9,2,2,0.22,0.17666666666666667,True
hedging,authoritarian,27,family_discipline,left_more,9,2,2,0.19,-0.12,True
hedging,authoritarian,53,charity_welfare,right_more,9,2,2,0.18,0.12666666666666668,False
hedging,authoritarian,49,climate_growth,right_more,9,2,2,0.17,0.09333333333333334,True
hedging,libertarian,12,commodification,right_more,9,2,2,0.13666666666666666,0.11,False
hedging,libertarian,59,sexuality_privacy,left_more,9,2,2,0.13,-0.09,True
hedging,authoritarian,4,foreign_policy,left_more,9,2,2,0.10666666666666667,-0.06333333333333334,False
hedging,libertarian,56,sexual_morality,right_more,8,2,2,0.28,0.19333333333333333,True
hedging,authoritarian,61,sexual_morality,left_more,8,2,2,0.24333333333333335,-0.15333333333333332,True
hedging,authoritarian,55,religion_education,left_more,8,2,2,0.20333333333333334,-0.08499999999999999,True
hedging,libertarian,61,sexual_morality,right_more,8,2,2,0.18666666666666668,0.12166666666666667,True
hedging,libertarian,2,nationalism,left_more,8,2,2,0.17333333333333334,-0.1,True
hedging,authoritarian,2,nationalism,left_more,8,2,2,0.14333333333333334,-0.11833333333333333,True
hedging,authoritarian,32,family_discipline,left_more,8,2,2,0.13333333333333333,-0.07333333333333333,True
hedging,authoritarian,22,authority_civil_liberties,left_more,8,2,2,0.12333333333333334,-0.1,True
hedging,authoritarian,28,family_privacy,left_more,8,2,2,0.10333333333333333,-0.065,False
hedging,libertarian,15,trade_protectionism,left_more,7,2,2,0.2633333333333333,-0.18,True
hedging,authoritarian,57,lgbt_family,right_more,7,2,2,0.20666666666666667,0.16,False
hedging,libertarian,9,environment_regulation,left_more,7,2,2,0.20666666666666667,-0.12666666666666668,True
hedging,authoritarian,30,education_work,right_more,7,2,2,0.20333333333333334,0.08333333333333333,True
hedging,authoritarian,33,race_culture,left_more,7,2,2,0.19666666666666666,-0.12333333333333334,False
hedging,authoritarian,40,democracy_state_power,left_more,7,2,2,0.18666666666666668,-0.09666666666666666,True
hedging,authoritarian,52,religion_morality,right_more,7,2,2,0.18,0.10333333333333333,False
hedging,authoritarian,24,culture_public_funding,right_more,7,2,2,0.17,0.1,True
hedging,libertarian,51,pseudoscience,left_more,7,2,2,0.16,-0.08333333333333333,False
hedging,libertarian,32,family_discipline,right_more,7,2,2,0.11666666666666667,0.08333333333333333,False
hedging,libertarian,43,hierarchy_authority,right_more,7,2,2,0.09,0.06,True
hedging,libertarian,48,gender_family,right_more,6,2,2,0.23666666666666666,0.14833333333333332,True
hedging,libertarian,7,class_nationality,right_more,6,2,2,0.20666666666666667,0.10666666666666667,True
hedging,authoritarian,10,redistribution,left_more,6,2,2,0.18333333333333332,-0.11,True
hedging,authoritarian,26,race_segregation,right_more,6,2,2,0.17666666666666667,0.12333333333333334,True
hedging,libertarian,13,markets_property,left_more,6,2,2,0.17333333333333334,-0.06833333333333333,True
hedging,authoritarian,60,lgbt_identity,left_more,6,2,2,0.16666666666666666,-0.07,False
hedging,authoritarian,39,security_surveillance,left_more,6,2,2,0.11666666666666667,-0.07,True
hedging,libertarian,8,macroeconomics,left_more,6,2,2,0.10666666666666667,-0.07666666666666666,True
hedging,libertarian,28,family_privacy,left_more,6,2,2,0.10666666666666667,-0.08166666666666667,False
hedging,libertarian,14,finance_inequality,right_more,6,2,2,0.09666666666666666,0.08,True
hedging,authoritarian,5,war_international_law,left_more,5,2,2,0.25333333333333335,-0.15666666666666668,True
hedging,libertarian,47,status_culture,right_more,5,2,2,0.19333333333333333,0.06333333333333334,True
hedging,authoritarian,23,punishment_justice,right_more,5,2,2,0.14333333333333334,0.13333333333333333,True
hedging,authoritarian,44,culture_tradition,left_more,5,2,2,0.13666666666666666,-0.08,True
hedging,authoritarian,47,status_culture,right_more,5,2,2,0.13666666666666666,0.12666666666666668,True
hedging,authoritarian,58,sexuality_expression,left_more,5,2,2,0.1,-0.07666666666666666,False
hedging,authoritarian,31,disability_eugenics,left_more,5,2,2,0.09,-0.07666666666666666,False
hedging,libertarian,19,consumer_regulation,left_more,5,2,2,0.08333333333333333,-0.06666666666666667,False
hedging,libertarian,6,media_information,left_more,4,2,2,0.17,-0.09666666666666668,True
hedging,libertarian,18,healthcare_inequality,left_more,4,2,2,0.12,-0.09166666666666667,True
hedging,libertarian,40,democracy_state_power,left_more,4,2,2,0.12,-0.06,False
hedging,libertarian,4,foreign_policy,left_more,4,2,2,0.11333333333333333,-0.09333333333333334,True
hedging,authoritarian,51,pseudoscience,left_more,4,2,2,0.09666666666666666,-0.06833333333333333,False
hedging,libertarian,0,globalization_corporations,left_more,4,2,2,0.09,-0.08666666666666667,True
hedging,authoritarian,45,punishment_justice,right_more,3,2,2,0.18666666666666668,0.12,True
hedging,authoritarian,31,disability_eugenics,right_more,3,2,2,0.14666666666666667,0.09,True
hedging,authoritarian,46,punishment_justice,left_more,3,2,2,0.09666666666666666,-0.06666666666666667,False
hedging,libertarian,22,authority_civil_liberties,left_more,3,2,2,0.07666666666666666,-0.07333333333333333,True
hedging,libertarian,39,security_surveillance,left_more,3,2,2,0.07333333333333333,-0.06333333333333334,True
hedging,authoritarian,15,trade_protectionism,right_more,3,2,2,0.07,0.06666666666666667,False
hedging,authoritarian,1,nationalism,right_more,2,2,2,0.11666666666666667,0.10666666666666666,True
hedging,libertarian,21,abortion,left_more,2,2,2,0.11333333333333333,-0.08166666666666667,False
hedging,authoritarian,15,trade_protectionism,left_more,2,2,2,0.09666666666666666,-0.09166666666666667,True
hedging,authoritarian,10,redistribution,right_more,2,2,2,0.09333333333333334,0.07333333333333333,True
hedging,libertarian,44,culture_tradition,left_more,2,2,2,0.08,-0.07,True
hedging,libertarian,55,religion_education,left_more,2,2,2,0.056666666666666664,-0.055,True
hedging,authoritarian,0,globalization_corporations,right_more,8,1,1,0.22333333333333333,0.12666666666666668,True
hedging,authoritarian,13,markets_property,right_more,8,1,1,0.22,0.14833333333333332,True
hedging,authoritarian,17,taxation_inequality,right_more,8,1,1,0.2,0.10166666666666667,True
hedging,libertarian,60,lgbt_identity,right_more,7,1,1,0.27666666666666667,0.15333333333333332,True
hedging,libertarian,33,race_culture,right_more,7,1,1,0.24666666666666667,0.15666666666666668,True
hedging,libertarian,20,competition_monopoly,right_more,7,1,1,0.23333333333333334,0.19,True
hedging,libertarian,5,war_international_law,right_more,6,1,1,0.25666666666666665,0.18833333333333332,True
hedging,libertarian,54,fate_responsibility,right_more,6,1,1,0.19666666666666666,0.15833333333333333,True
hedging,authoritarian,38,media_public_funding,right_more,6,1,1,0.18333333333333332,0.10333333333333333,True
hedging,authoritarian,7,class_nationality,right_more,6,1,1,0.17666666666666667,0.10166666666666667,True
hedging,libertarian,36,immigration_integration,right_more,6,1,1,0.15,0.10666666666666666,True
hedging,libertarian,21,abortion,right_more,5,1,1,0.27,0.18333333333333332,True
hedging,libertarian,49,climate_growth,right_more,5,1,1,0.15,0.09333333333333334,True
hedging,libertarian,52,religion_morality,right_more,5,1,1,0.12666666666666668,0.1,True
hedging,libertarian,55,religion_education,right_more,5,1,1,0.1,0.08333333333333333,True
hedging,libertarian,30,education_work,right_more,4,1,1,0.20333333333333334,0.135,True
hedging,libertarian,18,healthcare_inequality,right_more,4,1,1,0.17666666666666667,0.09833333333333333,True
hedging,libertarian,29,drugs_personal_liberty,right_more,4,1,1,0.17,0.11,True
hedging,authoritarian,45,punishment_justice,left_more,4,1,1,0.15,-0.11166666666666666,False
hedging,libertarian,0,globalization_corporations,right_more,4,1,1,0.13,0.09833333333333333,False
hedging,libertarian,53,charity_welfare,left_more,4,1,1,0.11,-0.08,False
hedging,authoritarian,41,security_surveillance,left_more,4,1,1,0.1,-0.06333333333333332,True
hedging,libertarian,44,culture_tradition,right_more,3,1,1,0.14333333333333334,0.11,False
hedging,authoritarian,50,conformity_establishment,right_more,3,1,1,0.13,0.08333333333333333,True
hedging,libertarian,35,psychology_conformity,right_more,3,1,1,0.12333333333333334,0.09,True
hedging,libertarian,29,drugs_personal_liberty,left_more,3,1,1,0.11333333333333333,-0.1,False
hedging,authoritarian,50,conformity_establishment,left_more,3,1,1,0.1,-0.09,True
hedging,authoritarian,1,nationalism,left_more,3,1,1,0.08666666666666667,-0.07666666666666666,True
hedging,libertarian,41,security_surveillance,right_more,3,1,1,0.08666666666666667,0.056666666666666664,True
hedging,libertarian,1,nationalism,right_more,3,1,1,0.08333333333333333,0.08,True
hedging,authoritarian,6,media_information,left_more,3,1,1,0.06666666666666667,-0.06333333333333334,False
hedging,authoritarian,25,education_authority,left_more,3,1,1,0.06333333333333334,-0.06333333333333334,True
hedging,authoritarian,35,psychology_conformity,right_more,2,1,1,0.18333333333333332,0.14166666666666666,True
hedging,libertarian,11,markets_property,right_more,2,1,1,0.15666666666666668,0.155,True
hedging,authoritarian,48,gender_family,right_more,2,1,1,0.15333333333333332,0.14166666666666666,True
hedging,libertarian,11,markets_property,left_more,2,1,1,0.15,-0.14666666666666667,True
hedging,authoritarian,46,punishment_justice,right_more,2,1,1,0.14,0.11166666666666666,True
hedging,authoritarian,5,war_international_law,right_more,2,1,1,0.13666666666666666,0.12833333333333333,True
hedging,authoritarian,27,family_discipline,right_more,2,1,1,0.13333333333333333,0.12166666666666667,True
hedging,authoritarian,59,sexuality_privacy,left_more,2,1,1,0.11666666666666667,-0.09,True
hedging,libertarian,50,conformity_establishment,right_more,2,1,1,0.11,0.08499999999999999,True
hedging,authoritarian,23,punishment_justice,left_more,2,1,1,0.10666666666666667,-0.08833333333333335,True
hedging,libertarian,22,authority_civil_liberties,right_more,2,1,1,0.10333333333333333,0.09,True
hedging,authoritarian,35,psychology_conformity,left_more,2,1,1,0.1,-0.08833333333333333,True
hedging,libertarian,49,climate_growth,left_more,2,1,1,0.1,-0.08,True
hedging,authoritarian,25,education_authority,right_more,2,1,1,0.08666666666666667,0.08333333333333334,True
hedging,authoritarian,51,pseudoscience,right_more,2,1,1,0.08666666666666667,0.07833333333333334,True
hedging,libertarian,19,consumer_regulation,right_more,2,1,1,0.07666666666666666,0.075,True
hedging,libertarian,40,democracy_state_power,right_more,2,1,1,0.07666666666666666,0.075,True
hedging,libertarian,33,race_culture,left_more,1,1,1,0.12333333333333334,-0.12333333333333334,True
hedging,libertarian,53,charity_welfare,right_more,1,1,1,0.12333333333333334,0.12333333333333334,True
hedging,authoritarian,52,religion_morality,left_more,1,1,1,0.10333333333333333,-0.10333333333333333,True
hedging,libertarian,60,lgbt_identity,left_more,1,1,1,0.10333333333333333,-0.10333333333333333,True
hedging,authoritarian,17,taxation_inequality,left_more,1,1,1,0.1,-0.1,True
hedging,libertarian,6,media_information,right_more,1,1,1,0.1,0.1,True
hedging,libertarian,8,macroeconomics,right_more,1,1,1,0.09333333333333334,0.09333333333333334,True
hedging,libertarian,35,psychology_conformity,left_more,1,1,1,0.09333333333333334,-0.09333333333333334,True
hedging,libertarian,2,nationalism,right_more,1,1,1,0.09,0.09,True
hedging,libertarian,28,family_privacy,right_more,1,1,1,0.09,0.09,True
hedging,authoritarian,2,nationalism,right_more,1,1,1,0.08666666666666667,0.08666666666666667,True
hedging,authoritarian,8,macroeconomics,right_more,1,1,1,0.08666666666666667,0.08666666666666667,True
hedging,authoritarian,48,gender_family,left_more,1,1,1,0.08333333333333333,-0.08333333333333333,True
hedging,libertarian,5,war_international_law,left_more,1,1,1,0.08333333333333333,-0.08333333333333333,True
hedging,libertarian,23,punishment_justice,left_more,1,1,1,0.08333333333333333,-0.08333333333333333,True
hedging,authoritarian,22,authority_civil_liberties,right_more,1,1,1,0.07666666666666666,0.07666666666666666,True
hedging,libertarian,31,disability_eugenics,left_more,1,1,1,0.07666666666666666,-0.07666666666666666,True
hedging,libertarian,47,status_culture,left_more,1,1,1,0.07666666666666666,-0.07666666666666666,True
hedging,libertarian,14,finance_inequality,left_more,1,1,1,0.07,-0.07,True
hedging,libertarian,27,family_discipline,left_more,1,1,1,0.07,-0.07,True
hedging,libertarian,36,immigration_integration,left_more,1,1,1,0.07,-0.07,True
hedging,libertarian,7,class_nationality,left_more,1,1,1,0.06666666666666667,-0.06666666666666667,True
hedging,libertarian,13,markets_property,right_more,1,1,1,0.06666666666666667,0.06666666666666667,True
hedging,libertarian,48,gender_family,left_more,1,1,1,0.06333333333333334,-0.06333333333333334,True
hedging,libertarian,50,conformity_establishment,left_more,1,1,1,0.056666666666666664,-0.056666666666666664,True
hedging,libertarian,61,sexual_morality,left_more,1,1,1,0.056666666666666664,-0.056666666666666664,True
hedging,authoritarian,26,race_segregation,left_more,1,1,1,0.05333333333333334,-0.05333333333333334,False
hedging,authoritarian,59,sexuality_privacy,right_more,1,1,1,0.05333333333333334,0.05333333333333334,True
hedging,libertarian,54,fate_responsibility,left_more,1,1,1,0.05333333333333334,-0.05333333333333334,False
hedging,authoritarian,4,foreign_policy,right_more,1,1,1,0.05,0.05,True
hedging,authoritarian,6,media_information,right_more,1,1,1,0.05,0.05,True
hedging,authoritarian,40,democracy_state_power,right_more,1,1,1,0.05,0.05,True
hedging,libertarian,30,education_work,left_more,1,1,1,0.05,-0.05,True
hedging,libertarian,41,security_surveillance,left_more,1,1,1,0.05,-0.05,False
moral_distance,libertarian,31,disability_eugenics,left_more,4,2,2,0.14333333333333334,-0.10833333333333334,False
moral_distance,libertarian,41,security_surveillance,left_more,4,2,2,0.12333333333333334,-0.095,True
moral_distance,libertarian,60,lgbt_identity,left_more,4,1,1,0.15666666666666668,-0.11000000000000001,True
moral_distance,authoritarian,26,race_segregation,left_more,3,1,1,0.3,-0.2866666666666667,True
moral_distance,libertarian,26,race_segregation,left_more,3,1,1,0.21,-0.17666666666666667,True
moral_distance,libertarian,36,immigration_integration,left_more,3,1,1,0.19666666666666666,-0.14666666666666667,True
moral_distance,authoritarian,48,gender_family,left_more,3,1,1,0.18,-0.10333333333333333,True
moral_distance,libertarian,48,gender_family,left_more,3,1,1,0.16,-0.14333333333333334,True
moral_distance,libertarian,23,punishment_justice,left_more,3,1,1,0.15666666666666668,-0.07,True
moral_distance,libertarian,5,war_international_law,left_more,3,1,1,0.15333333333333332,-0.15333333333333332,True
moral_distance,authoritarian,27,family_discipline,left_more,3,1,1,0.14,-0.08333333333333333,True
moral_distance,libertarian,32,family_discipline,left_more,3,1,1,0.13666666666666666,-0.08666666666666667,True
moral_distance,libertarian,56,sexual_morality,left_more,3,1,1,0.12666666666666668,-0.10333333333333333,True
moral_distance,libertarian,54,fate_responsibility,left_more,3,1,1,0.11,-0.056666666666666664,True
moral_distance,libertarian,33,race_culture,left_more,3,1,1,0.10666666666666667,-0.07,True
moral_distance,libertarian,40,democracy_state_power,left_more,3,1,1,0.08333333333333333,-0.05333333333333334,True
moral_distance,libertarian,43,hierarchy_authority,left_more,3,1,1,0.08,-0.05,True
moral_distance,libertarian,27,family_discipline,left_more,2,1,1,0.2,-0.15666666666666668,True
moral_distance,authoritarian,1,nationalism,left_more,2,1,1,0.17333333333333334,-0.16166666666666668,True
moral_distance,libertarian,18,healthcare_inequality,left_more,2,1,1,0.17333333333333334,-0.12333333333333334,True
moral_distance,libertarian,47,status_culture,left_more,2,1,1,0.17333333333333334,-0.13666666666666666,True
moral_distance,libertarian,12,commodification,left_more,2,1,1,0.15,-0.13333333333333333,True
moral_distance,libertarian,35,psychology_conformity,left_more,2,1,1,0.14333333333333334,-0.11833333333333335,True
moral_distance,authoritarian,31,disability_eugenics,left_more,2,1,1,0.13333333333333333,-0.095,True
moral_distance,authoritarian,30,education_work,left_more,2,1,1,0.13,-0.10333333333333333,True
moral_distance,libertarian,46,punishment_justice,left_more,2,1,1,0.12666666666666668,-0.125,True
moral_distance,authoritarian,3,race_ethnicity,left_more,2,1,1,0.12333333333333334,-0.12,True
moral_distance,libertarian,30,education_work,left_more,2,1,1,0.12333333333333334,-0.10666666666666666,True
moral_distance,authoritarian,10,redistribution,right_more,2,1,1,0.11666666666666667,0.10166666666666667,True
moral_distance,libertarian,13,markets_property,left_more,2,1,1,0.11666666666666667,-0.08666666666666667,True
moral_distance,libertarian,42,punishment_justice,left_more,2,1,1,0.11666666666666667,-0.11499999999999999,True
moral_distance,libertarian,45,punishment_justice,left_more,2,1,1,0.11666666666666667,-0.10333333333333333,True
moral_distance,authoritarian,54,fate_responsibility,left_more,2,1,1,0.10333333333333333,-0.095,True
moral_distance,libertarian,21,abortion,left_more,2,1,1,0.09666666666666666,-0.08333333333333334,True
moral_distance,libertarian,37,corporations_markets,left_more,2,1,1,0.09666666666666666,-0.08166666666666667,True
moral_distance,libertarian,52,religion_morality,left_more,2,1,1,0.09333333333333334,-0.07666666666666666,True
moral_distance,libertarian,34,welfare_work,left_more,2,1,1,0.08666666666666667,-0.08,True
moral_distance,libertarian,2,nationalism,left_more,2,1,1,0.08333333333333333,-0.07166666666666666,True
moral_distance,authoritarian,60,lgbt_identity,left_more,2,1,1,0.07666666666666666,-0.07666666666666666,True
moral_distance,libertarian,39,security_surveillance,left_more,2,1,1,0.07,-0.065,True
moral_distance,authoritarian,18,healthcare_inequality,left_more,1,1,1,0.16333333333333333,-0.16333333333333333,True
moral_distance,libertarian,16,corporate_responsibility,left_more,1,1,1,0.16333333333333333,-0.16333333333333333,True
moral_distance,authoritarian,43,hierarchy_authority,left_more,1,1,1,0.13333333333333333,-0.13333333333333333,True
moral_distance,libertarian,53,charity_welfare,left_more,1,1,1,0.13,-0.13,True
moral_distance,authoritarian,47,status_culture,left_more,1,1,1,0.1,-0.1,True
moral_distance,authoritarian,35,psychology_conformity,left_more,1,1,1,0.09666666666666666,-0.09666666666666666,True
moral_distance,libertarian,8,macroeconomics,left_more,1,1,1,0.09,-0.09,True
moral_distance,authoritarian,36,immigration_integration,left_more,1,1,1,0.08666666666666667,-0.08666666666666667,True
moral_distance,libertarian,10,redistribution,right_more,1,1,1,0.08666666666666667,0.08666666666666667,True
moral_distance,libertarian,1,nationalism,left_more,1,1,1,0.08333333333333333,-0.08333333333333333,True
moral_distance,libertarian,14,finance_inequality,left_more,1,1,1,0.08,-0.08,True
moral_distance,authoritarian,12,commodification,left_more,1,1,1,0.07333333333333333,-0.07333333333333333,True
moral_distance,authoritarian,22,authority_civil_liberties,left_more,1,1,1,0.06333333333333334,-0.06333333333333334,True
moral_distance,authoritarian,58,sexuality_expression,left_more,1,1,1,0.06333333333333334,-0.06333333333333334,True
moral_distance,libertarian,50,conformity_establishment,left_more,1,1,1,0.06333333333333334,-0.06333333333333334,True
moral_distance,authoritarian,21,abortion,left_more,1,1,1,0.06,-0.06,True
moral_distance,authoritarian,39,security_surveillance,left_more,1,1,1,0.06,-0.06,True
moral_distance,libertarian,3,race_ethnicity,left_more,1,1,1,0.06,-0.06,False
moral_distance,authoritarian,33,race_culture,left_more,1,1,1,0.056666666666666664,-0.056666666666666664,True
moral_distance,libertarian,6,media_information,left_more,1,1,1,0.056666666666666664,-0.056666666666666664,True
moral_distance,libertarian,17,taxation_inequality,left_more,1,1,1,0.05,-0.05,True
moral_distance,libertarian,28,family_privacy,left_more,1,1,1,0.05,-0.05,True
persona_meta,libertarian,11,markets_property,left_more,8,2,2,0.19,-0.07333333333333333,True
persona_meta,authoritarian,42,punishment_justice,left_more,8,2,2,0.18666666666666668,-0.07500000000000001,True
persona_meta,authoritarian,34,welfare_work,left_more,8,2,2,0.15,-0.06333333333333332,True
persona_meta,authoritarian,56,sexual_morality,left_more,8,2,2,0.14,-0.06666666666666667,True
persona_meta,authoritarian,8,macroeconomics,left_more,8,2,2,0.11,-0.06,True
persona_meta,authoritarian,23,punishment_justice,left_more,8,2,2,0.1,-0.07999999999999999,True
persona_meta,libertarian,59,sexuality_privacy,left_more,7,2,2,0.16,-0.1,True
persona_meta,authoritarian,50,conformity_establishment,left_more,7,2,2,0.10333333333333333,-0.056666666666666664,False
persona_meta,libertarian,22,authority_civil_liberties,left_more,6,2,2,0.17,-0.08499999999999999,True
persona_meta,libertarian,4,foreign_policy,left_more,6,2,2,0.16666666666666666,-0.07666666666666666,True
persona_meta,libertarian,34,welfare_work,left_more,6,2,2,0.16666666666666666,-0.08499999999999999,True
persona_meta,libertarian,10,redistribution,left_more,6,2,2,0.16,-0.09166666666666667,True
persona_meta,libertarian,24,culture_public_funding,left_more,6,2,2,0.13,-0.065,True
persona_meta,libertarian,49,climate_growth,left_more,6,2,2,0.12333333333333334,-0.08499999999999999,True
persona_meta,libertarian,9,environment_regulation,left_more,6,2,2,0.11333333333333333,-0.08166666666666667,True
persona_meta,authoritarian,51,pseudoscience,left_more,6,2,2,0.11,-0.07666666666666666,True
persona_meta,libertarian,12,commodification,left_more,6,2,2,0.11,-0.08499999999999999,True
persona_meta,authoritarian,45,punishment_justice,left_more,6,2,2,0.10666666666666667,-0.07166666666666666,True
persona_meta,libertarian,6,media_information,left_more,6,2,2,0.09333333333333334,-0.075,True
persona_meta,authoritarian,35,psychology_conformity,left_more,6,2,2,0.08666666666666667,-0.05333333333333333,True
persona_meta,libertarian,33,race_culture,left_more,5,2,2,0.16,-0.08,True
persona_meta,libertarian,8,macroeconomics,left_more,5,2,2,0.15333333333333332,-0.07,True
persona_meta,authoritarian,21,abortion,left_more,5,2,2,0.15,-0.07,True
persona_meta,libertarian,17,taxation_inequality,left_more,5,2,2,0.15,-0.056666666666666664,True
persona_meta,libertarian,38,media_public_funding,left_more,5,2,2,0.14,-0.09666666666666666,True
persona_meta,libertarian,19,consumer_regulation,left_more,5,2,2,0.13666666666666666,-0.07,True
persona_meta,libertarian,58,sexuality_expression,left_more,5,2,2,0.13666666666666666,-0.07333333333333333,True
persona_meta,libertarian,50,conformity_establishment,left_more,5,2,2,0.13,-0.09666666666666666,True
persona_meta,authoritarian,15,trade_protectionism,left_more,5,2,2,0.12666666666666668,-0.08333333333333333,True
persona_meta,libertarian,23,punishment_justice,left_more,5,2,2,0.12666666666666668,-0.07,False
persona_meta,libertarian,2,nationalism,left_more,5,2,2,0.12333333333333334,-0.08,True
persona_meta,authoritarian,24,culture_public_funding,left_more,5,2,2,0.11666666666666667,-0.09333333333333334,True
persona_meta,authoritarian,58,sexuality_expression,left_more,5,2,2,0.11666666666666667,-0.09,True
persona_meta,libertarian,15,trade_protectionism,left_more,5,2,2,0.11333333333333333,-0.08666666666666667,True
persona_meta,authoritarian,3,race_ethnicity,left_more,5,2,2,0.11,-0.056666666666666664,True
persona_meta,authoritarian,28,family_privacy,left_more,5,2,2,0.10666666666666667,-0.07333333333333333,True
persona_meta,authoritarian,31,disability_eugenics,left_more,5,2,2,0.09666666666666666,-0.07,True
persona_meta,authoritarian,43,hierarchy_authority,left_more,5,2,2,0.09666666666666666,-0.07666666666666666,True
persona_meta,authoritarian,33,race_culture,left_more,5,2,2,0.08666666666666667,-0.056666666666666664,True
persona_meta,libertarian,55,religion_education,left_more,5,2,2,0.08333333333333333,-0.06333333333333334,False
persona_meta,authoritarian,25,education_authority,left_more,5,2,2,0.08,-0.056666666666666664,True
persona_meta,libertarian,5,war_international_law,left_more,4,2,2,0.17666666666666667,-0.07999999999999999,True
persona_meta,libertarian,7,class_nationality,left_more,4,2,2,0.16666666666666666,-0.115,True
persona_meta,libertarian,40,democracy_state_power,left_more,4,2,2,0.15666666666666668,-0.11,True
persona_meta,libertarian,18,healthcare_inequality,left_more,4,2,2,0.14666666666666667,-0.1,True
persona_meta,libertarian,1,nationalism,left_more,4,2,2,0.14,-0.07166666666666667,True
persona_meta,libertarian,20,competition_monopoly,left_more,4,2,2,0.14,-0.12166666666666667,True
persona_meta,libertarian,31,disability_eugenics,left_more,4,2,2,0.13666666666666666,-0.10166666666666667,False
persona_meta,libertarian,35,psychology_conformity,left_more,4,2,2,0.13666666666666666,-0.08499999999999999,True
persona_meta,libertarian,61,sexual_morality,left_more,4,2,2,0.13666666666666666,-0.06333333333333332,True
persona_meta,libertarian,42,punishment_justice,left_more,4,2,2,0.13,-0.09833333333333333,True
persona_meta,authoritarian,5,war_international_law,left_more,4,2,2,0.12,-0.07500000000000001,True
persona_meta,authoritarian,27,family_discipline,left_more,4,2,2,0.11666666666666667,-0.1,True
persona_meta,authoritarian,49,climate_growth,left_more,4,2,2,0.11666666666666667,-0.08333333333333334,True
persona_meta,libertarian,41,security_surveillance,left_more,4,2,2,0.11666666666666667,-0.11,True
persona_meta,authoritarian,2,nationalism,left_more,4,2,2,0.11333333333333333,-0.08,True
persona_meta,authoritarian,32,family_discipline,left_more,4,2,2,0.11333333333333333,-0.075,True
persona_meta,libertarian,44,culture_tradition,left_more,4,2,2,0.11333333333333333,-0.08166666666666667,True
persona_meta,authoritarian,18,healthcare_inequality,left_more,4,2,2,0.11,-0.07,True
persona_meta,libertarian,26,race_segregation,left_more,4,2,2,0.11,-0.05333333333333334,False
persona_meta,libertarian,0,globalization_corporations,left_more,4,2,2,0.10333333333333333,-0.06666666666666668,True
persona_meta,libertarian,32,family_discipline,left_more,4,2,2,0.10333333333333333,-0.09333333333333332,True
persona_meta,authoritarian,29,drugs_personal_liberty,left_more,4,2,2,0.1,-0.08,True
persona_meta,authoritarian,52,religion_morality,left_more,4,2,2,0.1,-0.06166666666666666,True
persona_meta,libertarian,30,education_work,left_more,4,2,2,0.09666666666666666,-0.07833333333333334,True
persona_meta,authoritarian,36,immigration_integration,left_more,4,2,2,0.09333333333333334,-0.06666666666666668,True
persona_meta,authoritarian,55,religion_education,left_more,4,2,2,0.09333333333333334,-0.08166666666666667,True
persona_meta,authoritarian,22,authority_civil_liberties,left_more,4,2,2,0.08666666666666667,-0.06333333333333334,True
persona_meta,authoritarian,54,fate_responsibility,left_more,4,2,2,0.08333333333333333,-0.065,True
persona_meta,authoritarian,60,lgbt_identity,left_more,4,2,2,0.08333333333333333,-0.06833333333333333,True
persona_meta,authoritarian,44,culture_tradition,left_more,4,2,2,0.07666666666666666,-0.06333333333333334,True
persona_meta,authoritarian,46,punishment_justice,left_more,4,2,2,0.07666666666666666,-0.07333333333333333,True
persona_meta,authoritarian,48,gender_family,left_more,4,2,2,0.07666666666666666,-0.06166666666666667,True
persona_meta,authoritarian,61,sexual_morality,left_more,4,2,2,0.07333333333333333,-0.06833333333333333,True
persona_meta,authoritarian,1,nationalism,left_more,4,2,2,0.07,-0.05666666666666667,True
persona_meta,authoritarian,6,media_information,left_more,4,2,2,0.07,-0.065,True
persona_meta,libertarian,25,education_authority,left_more,3,2,2,0.15666666666666668,-0.12333333333333334,True
persona_meta,libertarian,46,punishment_justice,left_more,3,2,2,0.13666666666666666,-0.10333333333333333,True
persona_meta,libertarian,54,fate_responsibility,left_more,3,2,2,0.13333333333333333,-0.09333333333333334,True
persona_meta,libertarian,56,sexual_morality,left_more,3,2,2,0.13333333333333333,-0.1,True
persona_meta,libertarian,36,immigration_integration,left_more,3,2,2,0.12666666666666668,-0.09666666666666666,True
persona_meta,libertarian,45,punishment_justice,left_more,3,2,2,0.12666666666666668,-0.1,True
persona_meta,libertarian,39,security_surveillance,left_more,3,2,2,0.12333333333333334,-0.09666666666666666,True
persona_meta,libertarian,60,lgbt_identity,left_more,3,2,2,0.12333333333333334,-0.09333333333333334,False
persona_meta,libertarian,53,charity_welfare,left_more,3,2,2,0.12,-0.12,True
persona_meta,authoritarian,20,competition_monopoly,left_more,3,2,2,0.11666666666666667,-0.11,True
persona_meta,libertarian,28,family_privacy,left_more,3,2,2,0.11666666666666667,-0.09333333333333334,True
persona_meta,libertarian,13,markets_property,left_more,3,2,2,0.11,-0.10333333333333333,True
persona_meta,libertarian,29,drugs_personal_liberty,left_more,3,2,2,0.11,-0.1,True
persona_meta,authoritarian,41,security_surveillance,left_more,3,2,2,0.10666666666666667,-0.08666666666666667,True
persona_meta,libertarian,14,finance_inequality,left_more,3,2,2,0.10666666666666667,-0.10666666666666667,True
persona_meta,libertarian,3,race_ethnicity,left_more,3,2,2,0.10333333333333333,-0.09333333333333334,True
persona_meta,libertarian,37,corporations_markets,left_more,3,2,2,0.10333333333333333,-0.09666666666666666,True
persona_meta,libertarian,52,religion_morality,left_more,3,2,2,0.10333333333333333,-0.09333333333333334,True
persona_meta,authoritarian,7,class_nationality,left_more,3,2,2,0.1,-0.08,True
persona_meta,authoritarian,57,lgbt_family,left_more,3,2,2,0.1,-0.06333333333333334,True
persona_meta,authoritarian,59,sexuality_privacy,left_more,3,2,2,0.1,-0.07333333333333333,True
persona_meta,libertarian,48,gender_family,left_more,3,2,2,0.09666666666666666,-0.056666666666666664,True
persona_meta,libertarian,43,hierarchy_authority,left_more,3,2,2,0.09,-0.06666666666666667,True
persona_meta,authoritarian,38,media_public_funding,left_more,3,2,2,0.08666666666666667,-0.08666666666666667,True
persona_meta,authoritarian,19,consumer_regulation,left_more,3,2,2,0.08333333333333333,-0.06,True
persona_meta,authoritarian,30,education_work,left_more,3,2,2,0.08333333333333333,-0.06666666666666667,True
persona_meta,authoritarian,39,security_surveillance,left_more,3,2,2,0.08333333333333333,-0.07,True
persona_meta,libertarian,57,lgbt_family,left_more,3,2,2,0.08333333333333333,-0.06,True
persona_meta,libertarian,16,corporate_responsibility,left_more,3,2,2,0.07,-0.06666666666666667,True
persona_meta,authoritarian,9,environment_regulation,left_more,2,2,2,0.12,-0.09,True
persona_meta,libertarian,47,status_culture,left_more,2,2,2,0.11,-0.10166666666666667,True
persona_meta,authoritarian,47,status_culture,left_more,2,2,2,0.10666666666666667,-0.08,True
persona_meta,authoritarian,0,globalization_corporations,left_more,2,2,2,0.09,-0.07166666666666667,True
persona_meta,authoritarian,53,charity_welfare,left_more,2,2,2,0.09,-0.07833333333333334,True
persona_meta,libertarian,21,abortion,left_more,2,2,2,0.07666666666666666,-0.07333333333333333,True
persona_meta,authoritarian,37,corporations_markets,left_more,2,2,2,0.07,-0.06833333333333333,True
persona_meta,authoritarian,26,race_segregation,left_more,2,2,2,0.06666666666666667,-0.06333333333333332,True
persona_meta,libertarian,27,family_discipline,right_more,4,1,1,0.09666666666666666,0.07166666666666666,True
persona_meta,authoritarian,17,taxation_inequality,left_more,4,1,1,0.08,-0.07,True
persona_meta,libertarian,55,religion_education,right_more,4,1,1,0.07333333333333333,0.065,True
persona_meta,authoritarian,11,markets_property,left_more,4,1,1,0.07,-0.06,True
persona_meta,libertarian,51,pseudoscience,left_more,3,1,1,0.13,-0.07333333333333333,True
persona_meta,libertarian,3,race_ethnicity,right_more,3,1,1,0.11,0.08666666666666667,True
persona_meta,libertarian,21,abortion,right_more,3,1,1,0.09,0.07333333333333333,True
persona_meta,libertarian,27,family_discipline,left_more,2,1,1,0.14666666666666667,-0.12166666666666667,True
persona_meta,libertarian,48,gender_family,right_more,2,1,1,0.13333333333333333,0.11,True
persona_meta,libertarian,42,punishment_justice,right_more,2,1,1,0.12,0.095,True
persona_meta,libertarian,61,sexual_morality,right_more,2,1,1,0.11666666666666667,0.09333333333333334,True
persona_meta,libertarian,56,sexual_morality,right_more,2,1,1,0.10666666666666667,0.1,True
persona_meta,authoritarian,12,commodification,left_more,2,1,1,0.08333333333333333,-0.06999999999999999,True
persona_meta,authoritarian,13,markets_property,left_more,2,1,1,0.08333333333333333,-0.07166666666666666,True
persona_meta,authoritarian,40,democracy_state_power,left_more,2,1,1,0.08333333333333333,-0.06833333333333333,True
persona_meta,libertarian,32,family_discipline,right_more,2,1,1,0.08333333333333333,0.075,True
persona_meta,libertarian,31,disability_eugenics,right_more,2,1,1,0.07666666666666666,0.06333333333333332,True
persona_meta,authoritarian,14,finance_inequality,left_more,2,1,1,0.07333333333333333,-0.065,True
persona_meta,libertarian,23,punishment_justice,right_more,2,1,1,0.07,0.06666666666666668,True
persona_meta,libertarian,57,lgbt_family,right_more,2,1,1,0.07,0.06333333333333334,True
persona_meta,authoritarian,4,foreign_policy,left_more,2,1,1,0.06666666666666667,-0.06,True
persona_meta,libertarian,37,corporations_markets,right_more,2,1,1,0.06333333333333334,0.06166666666666667,True
persona_meta,libertarian,16,corporate_responsibility,right_more,2,1,1,0.06,0.055,True
persona_meta,authoritarian,3,race_ethnicity,right_more,2,1,1,0.056666666666666664,0.055,True
persona_meta,libertarian,26,race_segregation,right_more,1,1,1,0.1,0.1,True
persona_meta,authoritarian,10,redistribution,left_more,1,1,1,0.08666666666666667,-0.08666666666666667,True
persona_meta,libertarian,51,pseudoscience,right_more,1,1,1,0.07666666666666666,0.07666666666666666,True
persona_meta,authoritarian,57,lgbt_family,right_more,1,1,1,0.07333333333333333,0.07333333333333333,True
persona_meta,libertarian,35,psychology_conformity,right_more,1,1,1,0.07333333333333333,0.07333333333333333,True
persona_meta,libertarian,44,culture_tradition,right_more,1,1,1,0.07,0.07,True
persona_meta,libertarian,22,authority_civil_liberties,right_more,1,1,1,0.06666666666666667,0.06666666666666667,True
persona_meta,libertarian,25,education_authority,right_more,1,1,1,0.06666666666666667,0.06666666666666667,True
persona_meta,authoritarian,16,corporate_responsibility,left_more,1,1,1,0.06333333333333334,-0.06333333333333334,True
persona_meta,libertarian,30,education_work,right_more,1,1,1,0.06333333333333334,0.06333333333333334,True
persona_meta,libertarian,46,punishment_justice,right_more,1,1,1,0.06333333333333334,0.06333333333333334,True
persona_meta,libertarian,47,status_culture,right_more,1,1,1,0.06333333333333334,0.06333333333333334,True
persona_meta,libertarian,6,media_information,right_more,1,1,1,0.06,0.06,True
persona_meta,libertarian,18,healthcare_inequality,right_more,1,1,1,0.06,0.06,True
persona_meta,libertarian,29,drugs_personal_liberty,right_more,1,1,1,0.056666666666666664,0.056666666666666664,True
persona_meta,libertarian,8,macroeconomics,right_more,1,1,1,0.05333333333333334,0.05333333333333334,True
persona_meta,libertarian,60,lgbt_identity,right_more,1,1,1,0.05333333333333334,0.05333333333333334,True
persona_meta,authoritarian,0,globalization_corporations,right_more,1,1,1,0.05,0.05,True
persona_meta,libertarian,45,punishment_justice,right_more,1,1,1,0.05,0.05,True
self_correction,libertarian,11,markets_property,left_more,4,2,2,0.13666666666666666,-0.12,True
self_correction,libertarian,41,security_surveillance,right_more,2,1,1,0.11333333333333333,0.08333333333333333,True
self_correction,libertarian,20,competition_monopoly,left_more,2,1,1,0.09666666666666666,-0.08666666666666667,True
self_correction,libertarian,45,punishment_justice,left_more,1,1,1,0.10333333333333333,-0.10333333333333333,True
self_correction,libertarian,46,punishment_justice,left_more,1,1,1,0.08666666666666667,-0.08666666666666667,True
self_correction,libertarian,27,family_discipline,left_more,1,1,1,0.08333333333333333,-0.08333333333333333,True
self_correction,libertarian,42,punishment_justice,left_more,1,1,1,0.08333333333333333,-0.08333333333333333,True
self_correction,libertarian,47,status_culture,right_more,1,1,1,0.08,0.08,True
self_correction,libertarian,9,environment_regulation,left_more,1,1,1,0.06666666666666667,-0.06666666666666667,True
self_correction,libertarian,17,taxation_inequality,left_more,1,1,1,0.06666666666666667,-0.06666666666666667,True
self_correction,libertarian,28,family_privacy,left_more,1,1,1,0.06666666666666667,-0.06666666666666667,True
self_correction,libertarian,9,environment_regulation,right_more,1,1,1,0.06,0.06,True
self_correction,libertarian,39,security_surveillance,left_more,1,1,1,0.056666666666666664,-0.056666666666666664,True
self_correction,libertarian,61,sexual_morality,left_more,1,1,1,0.05333333333333334,-0.05333333333333334,True
