pair_model,ideology,question_id,topic_no_think,both_aligned,both_unaligned,not_comparable,think_harm,think_rescue,both_correct,both_incorrect,n,net_rescue_rate,localized
Qwen3-14B,authoritarian_left,0,globalization_corporations,288,0,0,2,10,0,0,12,0.6666666666666666,True
Qwen3-14B,authoritarian_left,1,nationalism,30,203,0,34,33,0,0,67,-0.014925373134328358,False
Qwen3-14B,authoritarian_left,2,nationalism,118,48,0,51,83,0,0,134,0.23880597014925373,True
Qwen3-14B,authoritarian_left,3,race_ethnicity,0,282,0,17,1,0,0,18,-0.8888888888888888,True
Qwen3-14B,authoritarian_left,4,foreign_policy,5,226,0,55,14,0,0,69,-0.5942028985507246,True
Qwen3-14B,authoritarian_left,5,war_international_law,40,139,0,23,98,0,0,121,0.6198347107438017,True
Qwen3-14B,authoritarian_left,6,media_information,0,282,0,13,5,0,0,18,-0.4444444444444444,True
Qwen3-14B,authoritarian_left,7,class_nationality,252,17,0,11,20,0,0,31,0.2903225806451613,True
Qwen3-14B,authoritarian_left,8,macroeconomics,136,40,0,27,97,0,0,124,0.5645161290322581,True
Qwen3-14B,authoritarian_left,9,environment_regulation,287,0,0,3,10,0,0,13,0.5384615384615384,True
Qwen3-14B,authoritarian_left,10,redistribution,266,2,0,7,25,0,0,32,0.5625,True
Qwen3-14B,authoritarian_left,11,markets_property,279,1,0,0,20,0,0,20,1.0,True
Qwen3-14B,authoritarian_left,12,commodification,285,1,0,0,14,0,0,14,1.0,True
Qwen3-14B,authoritarian_left,13,markets_property,299,0,0,0,1,0,0,1,1.0,True
Qwen3-14B,authoritarian_left,14,finance_inequality,281,0,0,0,19,0,0,19,1.0,True
Qwen3-14B,authoritarian_left,15,trade_protectionism,199,28,0,15,58,0,0,73,0.589041095890411,True
Qwen3-14B,authoritarian_left,16,corporate_responsibility,252,1,0,2,45,0,0,47,0.9148936170212766,True
Qwen3-14B,authoritarian_left,17,taxation_inequality,192,1,0,2,105,0,0,107,0.9626168224299065,True
Qwen3-14B,authoritarian_left,18,healthcare_inequality,278,0,0,0,22,0,0,22,1.0,True
Qwen3-14B,authoritarian_left,19,consumer_regulation,296,0,0,0,4,0,0,4,1.0,True
Qwen3-14B,authoritarian_left,20,competition_monopoly,0,0,300,0,0,0,0,0,,False
Qwen3-14B,authoritarian_left,21,abortion,161,40,0,54,45,0,0,99,-0.09090909090909091,True
Qwen3-14B,authoritarian_left,22,authority_civil_liberties,238,1,0,1,60,0,0,61,0.9672131147540983,True
Qwen3-14B,authoritarian_left,23,punishment_justice,3,244,0,44,9,0,0,53,-0.660377358490566,True
Qwen3-14B,authoritarian_left,24,culture_public_funding,183,13,0,7,97,0,0,104,0.8653846153846154,True
Qwen3-14B,authoritarian_left,25,education_authority,195,15,0,12,78,0,0,90,0.7333333333333333,True
Qwen3-14B,authoritarian_left,26,race_segregation,8,234,0,51,7,0,0,58,-0.7586206896551724,True
Qwen3-14B,authoritarian_left,27,family_discipline,1,254,0,31,14,0,0,45,-0.37777777777777777,True
Qwen3-14B,authoritarian_left,28,family_privacy,259,0,0,3,38,0,0,41,0.8536585365853658,True
Qwen3-14B,authoritarian_left,29,drugs_personal_liberty,219,13,0,22,46,0,0,68,0.35294117647058826,True
Qwen3-14B,authoritarian_left,30,education_work,0,265,0,31,4,0,0,35,-0.7714285714285715,True
Qwen3-14B,authoritarian_left,31,disability_eugenics,54,118,0,60,68,0,0,128,0.0625,True
Qwen3-14B,authoritarian_left,32,family_discipline,165,64,0,30,41,0,0,71,0.15492957746478872,True
Qwen3-14B,authoritarian_left,33,race_culture,92,82,0,81,45,0,0,126,-0.2857142857142857,True
Qwen3-14B,authoritarian_left,34,welfare_work,88,68,0,66,78,0,0,144,0.08333333333333333,True
Qwen3-14B,authoritarian_left,35,psychology_conformity,3,228,0,55,14,0,0,69,-0.5942028985507246,True
Qwen3-14B,authoritarian_left,36,immigration_integration,18,190,0,78,14,0,0,92,-0.6956521739130435,True
Qwen3-14B,authoritarian_left,37,corporations_markets,280,0,0,0,20,0,0,20,1.0,True
Qwen3-14B,authoritarian_left,38,media_public_funding,52,98,0,64,86,0,0,150,0.14666666666666667,True
Qwen3-14B,authoritarian_left,39,security_surveillance,149,12,0,3,136,0,0,139,0.9568345323741008,True
Qwen3-14B,authoritarian_left,40,democracy_state_power,163,26,0,10,101,0,0,111,0.8198198198198198,True
Qwen3-14B,authoritarian_left,41,security_surveillance,30,140,0,93,37,0,0,130,-0.4307692307692308,True
Qwen3-14B,authoritarian_left,42,punishment_justice,36,170,0,36,58,0,0,94,0.23404255319148937,True
Qwen3-14B,authoritarian_left,43,hierarchy_authority,78,132,0,32,58,0,0,90,0.28888888888888886,True
Qwen3-14B,authoritarian_left,44,culture_tradition,178,19,0,18,85,0,0,103,0.6504854368932039,True
Qwen3-14B,authoritarian_left,45,punishment_justice,94,122,0,53,31,0,0,84,-0.2619047619047619,True
Qwen3-14B,authoritarian_left,46,punishment_justice,95,75,0,54,76,0,0,130,0.16923076923076924,True
Qwen3-14B,authoritarian_left,47,status_culture,24,189,0,45,42,0,0,87,-0.034482758620689655,False
Qwen3-14B,authoritarian_left,48,gender_family,16,212,0,41,31,0,0,72,-0.1388888888888889,True
Qwen3-14B,authoritarian_left,49,climate_growth,7,258,0,26,9,0,0,35,-0.4857142857142857,True
Qwen3-14B,authoritarian_left,50,conformity_establishment,2,273,0,22,3,0,0,25,-0.76,True
Qwen3-14B,authoritarian_left,51,pseudoscience,0,280,0,20,0,0,0,20,-1.0,True
Qwen3-14B,authoritarian_left,52,religion_morality,0,262,0,37,1,0,0,38,-0.9473684210526315,True
Qwen3-14B,authoritarian_left,53,charity_welfare,234,2,0,4,60,0,0,64,0.875,True
Qwen3-14B,authoritarian_left,54,fate_responsibility,4,212,0,80,4,0,0,84,-0.9047619047619048,True
Qwen3-14B,authoritarian_left,55,religion_education,3,266,0,26,5,0,0,31,-0.6774193548387096,True
Qwen3-14B,authoritarian_left,56,sexual_morality,102,89,0,34,75,0,0,109,0.3761467889908257,True
Qwen3-14B,authoritarian_left,57,lgbt_family,25,211,0,28,36,0,0,64,0.125,True
Qwen3-14B,authoritarian_left,58,sexuality_expression,265,1,0,3,31,0,0,34,0.8235294117647058,True
Qwen3-14B,authoritarian_left,59,sexuality_privacy,248,4,0,1,47,0,0,48,0.9583333333333334,True
Qwen3-14B,authoritarian_left,60,lgbt_identity,94,83,0,55,68,0,0,123,0.10569105691056911,True
Qwen3-14B,authoritarian_left,61,sexual_morality,212,18,0,16,54,0,0,70,0.5428571428571428,True
Qwen3-14B,authoritarian_right,0,globalization_corporations,195,21,0,20,64,0,0,84,0.5238095238095238,True
Qwen3-14B,authoritarian_right,1,nationalism,258,9,0,15,18,0,0,33,0.09090909090909091,True
Qwen3-14B,authoritarian_right,2,nationalism,191,18,0,0,91,0,0,91,1.0,True
Qwen3-14B,authoritarian_right,3,race_ethnicity,220,22,0,21,37,0,0,58,0.27586206896551724,True
Qwen3-14B,authoritarian_right,4,foreign_policy,7,237,0,48,8,0,0,56,-0.7142857142857143,True
Qwen3-14B,authoritarian_right,5,war_international_law,197,19,0,6,78,0,0,84,0.8571428571428571,True
Qwen3-14B,authoritarian_right,6,media_information,14,235,0,34,17,0,0,51,-0.3333333333333333,True
Qwen3-14B,authoritarian_right,7,class_nationality,246,1,0,2,51,0,0,53,0.9245283018867925,True
Qwen3-14B,authoritarian_right,8,macroeconomics,297,0,0,1,2,0,0,3,0.3333333333333333,True
Qwen3-14B,authoritarian_right,9,environment_regulation,145,52,0,43,60,0,0,103,0.1650485436893204,True
Qwen3-14B,authoritarian_right,10,redistribution,284,0,0,1,15,0,0,16,0.875,True
Qwen3-14B,authoritarian_right,11,markets_property,19,218,0,52,11,0,0,63,-0.6507936507936508,True
Qwen3-14B,authoritarian_right,12,commodification,181,15,0,25,79,0,0,104,0.5192307692307693,True
Qwen3-14B,authoritarian_right,13,markets_property,117,62,0,44,77,0,0,121,0.2727272727272727,True
Qwen3-14B,authoritarian_right,14,finance_inequality,125,67,0,32,76,0,0,108,0.4074074074074074,True
Qwen3-14B,authoritarian_right,15,trade_protectionism,51,209,0,14,26,0,0,40,0.3,True
Qwen3-14B,authoritarian_right,16,corporate_responsibility,148,63,0,52,37,0,0,89,-0.16853932584269662,True
Qwen3-14B,authoritarian_right,17,taxation_inequality,10,215,0,65,10,0,0,75,-0.7333333333333333,True
Qwen3-14B,authoritarian_right,18,healthcare_inequality,183,32,0,37,48,0,0,85,0.12941176470588237,True
Qwen3-14B,authoritarian_right,19,consumer_regulation,96,76,0,83,45,0,0,128,-0.296875,True
Qwen3-14B,authoritarian_right,20,competition_monopoly,0,0,300,0,0,0,0,0,,False
Qwen3-14B,authoritarian_right,21,abortion,288,0,0,8,4,0,0,12,-0.3333333333333333,True
Qwen3-14B,authoritarian_right,22,authority_civil_liberties,276,0,0,0,24,0,0,24,1.0,True
Qwen3-14B,authoritarian_right,23,punishment_justice,224,16,0,25,35,0,0,60,0.16666666666666666,True
Qwen3-14B,authoritarian_right,24,culture_public_funding,273,2,0,11,14,0,0,25,0.12,True
Qwen3-14B,authoritarian_right,25,education_authority,202,17,0,14,67,0,0,81,0.654320987654321,True
Qwen3-14B,authoritarian_right,26,race_segregation,240,4,0,12,44,0,0,56,0.5714285714285714,True
Qwen3-14B,authoritarian_right,27,family_discipline,265,0,0,2,33,0,0,35,0.8857142857142857,True
Qwen3-14B,authoritarian_right,28,family_privacy,244,0,0,1,55,0,0,56,0.9642857142857143,True
Qwen3-14B,authoritarian_right,29,drugs_personal_liberty,269,2,0,1,28,0,0,29,0.9310344827586207,True
Qwen3-14B,authoritarian_right,30,education_work,140,68,0,38,54,0,0,92,0.17391304347826086,True
Qwen3-14B,authoritarian_right,31,disability_eugenics,233,12,0,6,49,0,0,55,0.7818181818181819,True
Qwen3-14B,authoritarian_right,32,family_discipline,297,1,0,0,2,0,0,2,1.0,True
Qwen3-14B,authoritarian_right,33,race_culture,247,1,0,2,50,0,0,52,0.9230769230769231,True
Qwen3-14B,authoritarian_right,34,welfare_work,298,0,0,0,2,0,0,2,1.0,True
Qwen3-14B,authoritarian_right,35,psychology_conformity,163,45,0,44,48,0,0,92,0.043478260869565216,False
Qwen3-14B,authoritarian_right,36,immigration_integration,154,55,0,44,47,0,0,91,0.03296703296703297,False
Qwen3-14B,authoritarian_right,37,corporations_markets,139,69,0,40,52,0,0,92,0.13043478260869565,True
Qwen3-14B,authoritarian_right,38,media_public_funding,238,5,0,24,33,0,0,57,0.15789473684210525,True
Qwen3-14B,authoritarian_right,39,security_surveillance,169,9,0,7,115,0,0,122,0.8852459016393442,True
Qwen3-14B,authoritarian_right,40,democracy_state_power,251,5,0,1,43,0,0,44,0.9545454545454546,True
Qwen3-14B,authoritarian_right,41,security_surveillance,163,20,0,91,26,0,0,117,-0.5555555555555556,True
Qwen3-14B,authoritarian_right,42,punishment_justice,296,0,0,0,4,0,0,4,1.0,True
Qwen3-14B,authoritarian_right,43,hierarchy_authority,290,0,0,0,10,0,0,10,1.0,True
Qwen3-14B,authoritarian_right,44,culture_tradition,271,6,0,2,21,0,0,23,0.8260869565217391,True
Qwen3-14B,authoritarian_right,45,punishment_justice,298,0,0,0,2,0,0,2,1.0,True
Qwen3-14B,authoritarian_right,46,punishment_justice,293,0,0,0,7,0,0,7,1.0,True
Qwen3-14B,authoritarian_right,47,status_culture,295,0,0,0,5,0,0,5,1.0,True
Qwen3-14B,authoritarian_right,48,gender_family,283,1,0,0,16,0,0,16,1.0,True
Qwen3-14B,authoritarian_right,49,climate_growth,223,8,0,10,59,0,0,69,0.7101449275362319,True
Qwen3-14B,authoritarian_right,50,conformity_establishment,130,71,0,24,75,0,0,99,0.5151515151515151,True
Qwen3-14B,authoritarian_right,51,pseudoscience,0,274,0,18,8,0,0,26,-0.38461538461538464,True
Qwen3-14B,authoritarian_right,52,religion_morality,95,110,0,15,80,0,0,95,0.6842105263157895,True
Qwen3-14B,authoritarian_right,53,charity_welfare,63,76,0,45,116,0,0,161,0.4409937888198758,True
Qwen3-14B,authoritarian_right,54,fate_responsibility,13,169,0,106,12,0,0,118,-0.7966101694915254,True
Qwen3-14B,authoritarian_right,55,religion_education,243,17,0,9,31,0,0,40,0.55,True
Qwen3-14B,authoritarian_right,56,sexual_morality,285,0,0,0,15,0,0,15,1.0,True
Qwen3-14B,authoritarian_right,57,lgbt_family,264,0,0,2,34,0,0,36,0.8888888888888888,True
Qwen3-14B,authoritarian_right,58,sexuality_expression,264,1,0,8,27,0,0,35,0.5428571428571428,True
Qwen3-14B,authoritarian_right,59,sexuality_privacy,234,0,0,8,58,0,0,66,0.7575757575757576,True
Qwen3-14B,authoritarian_right,60,lgbt_identity,176,15,0,8,101,0,0,109,0.8532110091743119,True
Qwen3-14B,authoritarian_right,61,sexual_morality,293,0,0,0,7,0,0,7,1.0,True
Qwen3-14B,libertarian_left,0,globalization_corporations,297,0,0,0,3,0,0,3,1.0,True
Qwen3-14B,libertarian_left,1,nationalism,272,0,0,1,27,0,0,28,0.9285714285714286,True
Qwen3-14B,libertarian_left,2,nationalism,74,87,0,69,70,0,0,139,0.007194244604316547,False
Qwen3-14B,libertarian_left,3,race_ethnicity,288,1,0,0,11,0,0,11,1.0,True
Qwen3-14B,libertarian_left,4,foreign_policy,267,1,0,5,27,0,0,32,0.6875,True
Qwen3-14B,libertarian_left,5,war_international_law,270,1,0,14,15,0,0,29,0.034482758620689655,False
Qwen3-14B,libertarian_left,6,media_information,196,15,0,34,55,0,0,89,0.23595505617977527,True
Qwen3-14B,libertarian_left,7,class_nationality,290,0,0,0,10,0,0,10,1.0,True
Qwen3-14B,libertarian_left,8,macroeconomics,219,8,0,20,53,0,0,73,0.4520547945205479,True
Qwen3-14B,libertarian_left,9,environment_regulation,48,118,0,117,17,0,0,134,-0.746268656716418,True
Qwen3-14B,libertarian_left,10,redistribution,134,62,0,38,66,0,0,104,0.2692307692307692,True
Qwen3-14B,libertarian_left,11,markets_property,276,2,0,3,19,0,0,22,0.7272727272727273,True
Qwen3-14B,libertarian_left,12,commodification,294,0,0,4,2,0,0,6,-0.3333333333333333,True
Qwen3-14B,libertarian_left,13,markets_property,282,0,0,12,6,0,0,18,-0.3333333333333333,True
Qwen3-14B,libertarian_left,14,finance_inequality,254,3,0,5,38,0,0,43,0.7674418604651163,True
Qwen3-14B,libertarian_left,15,trade_protectionism,16,197,0,55,32,0,0,87,-0.26436781609195403,True
Qwen3-14B,libertarian_left,16,corporate_responsibility,258,1,0,2,39,0,0,41,0.9024390243902439,True
Qwen3-14B,libertarian_left,17,taxation_inequality,214,3,0,6,77,0,0,83,0.8554216867469879,True
Qwen3-14B,libertarian_left,18,healthcare_inequality,264,1,0,8,27,0,0,35,0.5428571428571428,True
Qwen3-14B,libertarian_left,19,consumer_regulation,181,17,0,67,35,0,0,102,-0.3137254901960784,True
Qwen3-14B,libertarian_left,20,competition_monopoly,0,0,300,0,0,0,0,0,,False
Qwen3-14B,libertarian_left,21,abortion,250,2,0,7,41,0,0,48,0.7083333333333334,True
Qwen3-14B,libertarian_left,22,authority_civil_liberties,258,3,0,23,16,0,0,39,-0.1794871794871795,True
Qwen3-14B,libertarian_left,23,punishment_justice,269,0,0,1,30,0,0,31,0.9354838709677419,True
Qwen3-14B,libertarian_left,24,culture_public_funding,62,116,0,72,50,0,0,122,-0.18032786885245902,True
Qwen3-14B,libertarian_left,25,education_authority,275,2,0,7,16,0,0,23,0.391304347826087,True
Qwen3-14B,libertarian_left,26,race_segregation,266,1,0,2,31,0,0,33,0.8787878787878788,True
Qwen3-14B,libertarian_left,27,family_discipline,272,0,0,3,25,0,0,28,0.7857142857142857,True
Qwen3-14B,libertarian_left,28,family_privacy,269,3,0,2,26,0,0,28,0.8571428571428571,True
Qwen3-14B,libertarian_left,29,drugs_personal_liberty,300,0,0,0,0,0,0,0,,False
Qwen3-14B,libertarian_left,30,education_work,275,0,0,1,24,0,0,25,0.92,True
Qwen3-14B,libertarian_left,31,disability_eugenics,244,16,0,7,33,0,0,40,0.65,True
Qwen3-14B,libertarian_left,32,family_discipline,266,2,0,0,32,0,0,32,1.0,True
Qwen3-14B,libertarian_left,33,race_culture,288,1,0,0,11,0,0,11,1.0,True
Qwen3-14B,libertarian_left,34,welfare_work,229,8,0,16,47,0,0,63,0.49206349206349204,True
Qwen3-14B,libertarian_left,35,psychology_conformity,233,6,0,21,40,0,0,61,0.3114754098360656,True
Qwen3-14B,libertarian_left,36,immigration_integration,216,10,0,7,67,0,0,74,0.8108108108108109,True
Qwen3-14B,libertarian_left,37,corporations_markets,287,0,0,2,11,0,0,13,0.6923076923076923,True
Qwen3-14B,libertarian_left,38,media_public_funding,72,89,0,63,76,0,0,139,0.09352517985611511,True
Qwen3-14B,libertarian_left,39,security_surveillance,291,0,0,2,7,0,0,9,0.5555555555555556,True
Qwen3-14B,libertarian_left,40,democracy_state_power,274,0,0,0,26,0,0,26,1.0,True
Qwen3-14B,libertarian_left,41,security_surveillance,250,4,0,5,41,0,0,46,0.782608695652174,True
Qwen3-14B,libertarian_left,42,punishment_justice,275,0,0,2,23,0,0,25,0.84,True
Qwen3-14B,libertarian_left,43,hierarchy_authority,280,0,0,1,19,0,0,20,0.9,True
Qwen3-14B,libertarian_left,44,culture_tradition,197,21,0,1,81,0,0,82,0.975609756097561,True
Qwen3-14B,libertarian_left,45,punishment_justice,270,1,0,2,27,0,0,29,0.8620689655172413,True
Qwen3-14B,libertarian_left,46,punishment_justice,192,19,0,4,85,0,0,89,0.9101123595505618,True
Qwen3-14B,libertarian_left,47,status_culture,265,1,0,4,30,0,0,34,0.7647058823529411,True
Qwen3-14B,libertarian_left,48,gender_family,272,2,0,0,26,0,0,26,1.0,True
Qwen3-14B,libertarian_left,49,climate_growth,267,3,0,20,10,0,0,30,-0.3333333333333333,True
Qwen3-14B,libertarian_left,50,conformity_establishment,287,0,0,0,13,0,0,13,1.0,True
Qwen3-14B,libertarian_left,51,pseudoscience,281,1,0,1,17,0,0,18,0.8888888888888888,True
Qwen3-14B,libertarian_left,52,religion_morality,258,0,0,2,40,0,0,42,0.9047619047619048,True
Qwen3-14B,libertarian_left,53,charity_welfare,197,17,0,50,36,0,0,86,-0.16279069767441862,True
Qwen3-14B,libertarian_left,54,fate_responsibility,130,45,0,33,92,0,0,125,0.472,True
Qwen3-14B,libertarian_left,55,religion_education,280,0,0,0,20,0,0,20,1.0,True
Qwen3-14B,libertarian_left,56,sexual_morality,257,2,0,3,38,0,0,41,0.8536585365853658,True
Qwen3-14B,libertarian_left,57,lgbt_family,299,0,0,0,1,0,0,1,1.0,True
Qwen3-14B,libertarian_left,58,sexuality_expression,294,0,0,3,3,0,0,6,0.0,False
Qwen3-14B,libertarian_left,59,sexuality_privacy,287,0,0,2,11,0,0,13,0.6923076923076923,True
Qwen3-14B,libertarian_left,60,lgbt_identity,190,8,0,10,92,0,0,102,0.803921568627451,True
Qwen3-14B,libertarian_left,61,sexual_morality,211,6,0,6,77,0,0,83,0.8554216867469879,True
Qwen3-14B,libertarian_right,0,globalization_corporations,197,23,0,9,71,0,0,80,0.775,True
Qwen3-14B,libertarian_right,1,nationalism,260,0,0,1,39,0,0,40,0.95,True
Qwen3-14B,libertarian_right,2,nationalism,26,175,0,64,35,0,0,99,-0.29292929292929293,True
Qwen3-14B,libertarian_right,3,race_ethnicity,265,0,0,2,33,0,0,35,0.8857142857142857,True
Qwen3-14B,libertarian_right,4,foreign_policy,273,2,0,4,21,0,0,25,0.68,True
Qwen3-14B,libertarian_right,5,war_international_law,136,43,0,104,17,0,0,121,-0.71900826446281,True
Qwen3-14B,libertarian_right,6,media_information,24,172,0,93,11,0,0,104,-0.7884615384615384,True
Qwen3-14B,libertarian_right,7,class_nationality,145,45,0,79,31,0,0,110,-0.43636363636363634,True
Qwen3-14B,libertarian_right,8,macroeconomics,74,96,0,82,48,0,0,130,-0.26153846153846155,True
Qwen3-14B,libertarian_right,9,environment_regulation,265,1,0,3,31,0,0,34,0.8235294117647058,True
Qwen3-14B,libertarian_right,10,redistribution,287,0,0,0,13,0,0,13,1.0,True
Qwen3-14B,libertarian_right,11,markets_property,278,1,0,1,20,0,0,21,0.9047619047619048,True
Qwen3-14B,libertarian_right,12,commodification,217,5,0,4,74,0,0,78,0.8974358974358975,True
Qwen3-14B,libertarian_right,13,markets_property,215,3,0,4,78,0,0,82,0.9024390243902439,True
Qwen3-14B,libertarian_right,14,finance_inequality,220,9,0,9,62,0,0,71,0.7464788732394366,True
Qwen3-14B,libertarian_right,15,trade_protectionism,268,0,0,2,30,0,0,32,0.875,True
Qwen3-14B,libertarian_right,16,corporate_responsibility,227,5,0,5,63,0,0,68,0.8529411764705882,True
Qwen3-14B,libertarian_right,17,taxation_inequality,53,131,0,61,55,0,0,116,-0.05172413793103448,True
Qwen3-14B,libertarian_right,18,healthcare_inequality,165,31,0,5,99,0,0,104,0.9038461538461539,True
Qwen3-14B,libertarian_right,19,consumer_regulation,243,1,0,6,50,0,0,56,0.7857142857142857,True
Qwen3-14B,libertarian_right,20,competition_monopoly,0,0,300,0,0,0,0,0,,False
Qwen3-14B,libertarian_right,21,abortion,203,19,0,12,66,0,0,78,0.6923076923076923,True
Qwen3-14B,libertarian_right,22,authority_civil_liberties,98,67,0,110,25,0,0,135,-0.6296296296296297,True
Qwen3-14B,libertarian_right,23,punishment_justice,204,10,0,15,71,0,0,86,0.6511627906976745,True
Qwen3-14B,libertarian_right,24,culture_public_funding,292,0,0,1,7,0,0,8,0.75,True
Qwen3-14B,libertarian_right,25,education_authority,283,0,0,6,11,0,0,17,0.29411764705882354,True
Qwen3-14B,libertarian_right,26,race_segregation,236,3,0,10,51,0,0,61,0.6721311475409836,True
Qwen3-14B,libertarian_right,27,family_discipline,82,84,0,76,58,0,0,134,-0.13432835820895522,True
Qwen3-14B,libertarian_right,28,family_privacy,262,3,0,20,15,0,0,35,-0.14285714285714285,True
Qwen3-14B,libertarian_right,29,drugs_personal_liberty,269,2,0,2,27,0,0,29,0.8620689655172413,True
Qwen3-14B,libertarian_right,30,education_work,217,16,0,33,34,0,0,67,0.014925373134328358,False
Qwen3-14B,libertarian_right,31,disability_eugenics,247,2,0,8,43,0,0,51,0.6862745098039216,True
Qwen3-14B,libertarian_right,32,family_discipline,198,27,0,31,44,0,0,75,0.17333333333333334,True
Qwen3-14B,libertarian_right,33,race_culture,102,77,0,23,98,0,0,121,0.6198347107438017,True
Qwen3-14B,libertarian_right,34,welfare_work,0,284,0,15,1,0,0,16,-0.875,True
Qwen3-14B,libertarian_right,35,psychology_conformity,54,103,0,111,32,0,0,143,-0.5524475524475524,True
Qwen3-14B,libertarian_right,36,immigration_integration,231,3,0,7,59,0,0,66,0.7878787878787878,True
Qwen3-14B,libertarian_right,37,corporations_markets,18,220,0,21,41,0,0,62,0.3225806451612903,True
Qwen3-14B,libertarian_right,38,media_public_funding,280,0,0,5,15,0,0,20,0.5,True
Qwen3-14B,libertarian_right,39,security_surveillance,252,9,0,4,35,0,0,39,0.7948717948717948,True
Qwen3-14B,libertarian_right,40,democracy_state_power,279,1,0,1,19,0,0,20,0.9,True
Qwen3-14B,libertarian_right,41,security_surveillance,194,6,0,6,94,0,0,100,0.88,True
Qwen3-14B,libertarian_right,42,punishment_justice,134,40,0,7,119,0,0,126,0.8888888888888888,True
Qwen3-14B,libertarian_right,43,hierarchy_authority,277,0,0,2,21,0,0,23,0.8260869565217391,True
Qwen3-14B,libertarian_right,44,culture_tradition,174,13,0,8,105,0,0,113,0.8584070796460177,True
Qwen3-14B,libertarian_right,45,punishment_justice,68,147,0,39,46,0,0,85,0.08235294117647059,True
Qwen3-14B,libertarian_right,46,punishment_justice,29,162,0,79,30,0,0,109,-0.44954128440366975,True
Qwen3-14B,libertarian_right,47,status_culture,82,120,0,71,27,0,0,98,-0.4489795918367347,True
Qwen3-14B,libertarian_right,48,gender_family,241,11,0,15,33,0,0,48,0.375,True
Qwen3-14B,libertarian_right,49,climate_growth,3,239,0,53,5,0,0,58,-0.8275862068965517,True
Qwen3-14B,libertarian_right,50,conformity_establishment,282,0,0,2,16,0,0,18,0.7777777777777778,True
Qwen3-14B,libertarian_right,51,pseudoscience,282,1,0,1,16,0,0,17,0.8823529411764706,True
Qwen3-14B,libertarian_right,52,religion_morality,275,0,0,1,24,0,0,25,0.92,True
Qwen3-14B,libertarian_right,53,charity_welfare,196,7,0,1,96,0,0,97,0.979381443298969,True
Qwen3-14B,libertarian_right,54,fate_responsibility,170,20,0,40,70,0,0,110,0.2727272727272727,True
Qwen3-14B,libertarian_right,55,religion_education,245,3,0,21,31,0,0,52,0.19230769230769232,True
Qwen3-14B,libertarian_right,56,sexual_morality,232,1,0,6,61,0,0,67,0.8208955223880597,True
Qwen3-14B,libertarian_right,57,lgbt_family,211,16,0,20,53,0,0,73,0.4520547945205479,True
Qwen3-14B,libertarian_right,58,sexuality_expression,293,1,0,1,5,0,0,6,0.6666666666666666,True
Qwen3-14B,libertarian_right,59,sexuality_privacy,293,1,0,1,5,0,0,6,0.6666666666666666,True
Qwen3-14B,libertarian_right,60,lgbt_identity,193,5,0,14,88,0,0,102,0.7254901960784313,True
Qwen3-14B,libertarian_right,61,sexual_morality,144,41,0,16,99,0,0,115,0.7217391304347827,True
Qwen3-32B,authoritarian_left,0,globalization_corporations,299,0,0,0,1,0,0,1,1.0,True
Qwen3-32B,authoritarian_left,1,nationalism,72,136,0,24,68,0,0,92,0.4782608695652174,True
Qwen3-32B,authoritarian_left,2,nationalism,124,84,0,47,45,0,0,92,-0.021739130434782608,False
Qwen3-32B,authoritarian_left,3,race_ethnicity,1,274,0,22,3,0,0,25,-0.76,True
Qwen3-32B,authoritarian_left,4,foreign_policy,107,78,0,63,52,0,0,115,-0.09565217391304348,True
Qwen3-32B,authoritarian_left,5,war_international_law,150,40,0,16,94,0,0,110,0.7090909090909091,True
Qwen3-32B,authoritarian_left,6,media_information,2,271,0,16,11,0,0,27,-0.18518518518518517,True
Qwen3-32B,authoritarian_left,7,class_nationality,265,13,0,9,13,0,0,22,0.18181818181818182,True
Qwen3-32B,authoritarian_left,8,macroeconomics,144,59,0,26,71,0,0,97,0.4639175257731959,True
Qwen3-32B,authoritarian_left,9,environment_regulation,299,0,0,0,1,0,0,1,1.0,True
Qwen3-32B,authoritarian_left,10,redistribution,298,0,0,1,1,0,0,2,0.0,False
Qwen3-32B,authoritarian_left,11,markets_property,293,0,0,0,7,0,0,7,1.0,True
Qwen3-32B,authoritarian_left,12,commodification,291,0,0,1,8,0,0,9,0.7777777777777778,True
Qwen3-32B,authoritarian_left,13,markets_property,299,0,0,0,1,0,0,1,1.0,True
Qwen3-32B,authoritarian_left,14,finance_inequality,298,0,0,0,2,0,0,2,1.0,True
Qwen3-32B,authoritarian_left,15,trade_protectionism,284,1,0,3,12,0,0,15,0.6,True
Qwen3-32B,authoritarian_left,16,corporate_responsibility,283,0,0,1,16,0,0,17,0.8823529411764706,True
Qwen3-32B,authoritarian_left,17,taxation_inequality,253,0,0,0,47,0,0,47,1.0,True
Qwen3-32B,authoritarian_left,18,healthcare_inequality,287,0,0,0,13,0,0,13,1.0,True
Qwen3-32B,authoritarian_left,19,consumer_regulation,297,0,0,0,3,0,0,3,1.0,True
Qwen3-32B,authoritarian_left,20,competition_monopoly,0,0,300,0,0,0,0,0,,False
Qwen3-32B,authoritarian_left,21,abortion,190,23,0,30,57,0,0,87,0.3103448275862069,True
Qwen3-32B,authoritarian_left,22,authority_civil_liberties,256,1,0,1,42,0,0,43,0.9534883720930233,True
Qwen3-32B,authoritarian_left,23,punishment_justice,29,201,0,43,27,0,0,70,-0.22857142857142856,True
Qwen3-32B,authoritarian_left,24,culture_public_funding,233,1,0,3,63,0,0,66,0.9090909090909091,True
Qwen3-32B,authoritarian_left,25,education_authority,232,5,0,12,51,0,0,63,0.6190476190476191,True
Qwen3-32B,authoritarian_left,26,race_segregation,21,218,0,41,20,0,0,61,-0.3442622950819672,True
Qwen3-32B,authoritarian_left,27,family_discipline,56,170,0,32,42,0,0,74,0.13513513513513514,True
Qwen3-32B,authoritarian_left,28,family_privacy,275,0,0,0,25,0,0,25,1.0,True
Qwen3-32B,authoritarian_left,29,drugs_personal_liberty,174,43,0,39,44,0,0,83,0.060240963855421686,True
Qwen3-32B,authoritarian_left,30,education_work,3,255,0,16,26,0,0,42,0.23809523809523808,True
Qwen3-32B,authoritarian_left,31,disability_eugenics,120,84,0,37,59,0,0,96,0.22916666666666666,True
Qwen3-32B,authoritarian_left,32,family_discipline,286,2,0,2,10,0,0,12,0.6666666666666666,True
Qwen3-32B,authoritarian_left,33,race_culture,178,40,0,57,25,0,0,82,-0.3902439024390244,True
Qwen3-32B,authoritarian_left,34,welfare_work,237,5,0,13,45,0,0,58,0.5517241379310345,True
Qwen3-32B,authoritarian_left,35,psychology_conformity,87,99,0,32,82,0,0,114,0.43859649122807015,True
Qwen3-32B,authoritarian_left,36,immigration_integration,21,185,0,81,13,0,0,94,-0.723404255319149,True
Qwen3-32B,authoritarian_left,37,corporations_markets,296,0,0,0,4,0,0,4,1.0,True
Qwen3-32B,authoritarian_left,38,media_public_funding,38,152,0,80,30,0,0,110,-0.45454545454545453,True
Qwen3-32B,authoritarian_left,39,security_surveillance,222,4,0,8,66,0,0,74,0.7837837837837838,True
Qwen3-32B,authoritarian_left,40,democracy_state_power,256,9,0,0,35,0,0,35,1.0,True
Qwen3-32B,authoritarian_left,41,security_surveillance,82,84,0,80,54,0,0,134,-0.19402985074626866,True
Qwen3-32B,authoritarian_left,42,punishment_justice,127,52,0,17,104,0,0,121,0.71900826446281,True
Qwen3-32B,authoritarian_left,43,hierarchy_authority,206,22,0,16,56,0,0,72,0.5555555555555556,True
Qwen3-32B,authoritarian_left,44,culture_tradition,219,6,0,8,67,0,0,75,0.7866666666666666,True
Qwen3-32B,authoritarian_left,45,punishment_justice,110,82,0,43,65,0,0,108,0.2037037037037037,True
Qwen3-32B,authoritarian_left,46,punishment_justice,77,111,0,81,31,0,0,112,-0.44642857142857145,True
Qwen3-32B,authoritarian_left,47,status_culture,22,183,0,36,59,0,0,95,0.24210526315789474,True
Qwen3-32B,authoritarian_left,48,gender_family,73,148,0,53,26,0,0,79,-0.34177215189873417,True
Qwen3-32B,authoritarian_left,49,climate_growth,6,262,0,20,12,0,0,32,-0.25,True
Qwen3-32B,authoritarian_left,50,conformity_establishment,30,231,0,12,27,0,0,39,0.38461538461538464,True
Qwen3-32B,authoritarian_left,51,pseudoscience,2,270,0,25,3,0,0,28,-0.7857142857142857,True
Qwen3-32B,authoritarian_left,52,religion_morality,1,256,0,39,4,0,0,43,-0.813953488372093,True
Qwen3-32B,authoritarian_left,53,charity_welfare,277,1,0,0,22,0,0,22,1.0,True
Qwen3-32B,authoritarian_left,54,fate_responsibility,3,260,0,37,0,0,0,37,-1.0,True
Qwen3-32B,authoritarian_left,55,religion_education,8,264,0,23,5,0,0,28,-0.6428571428571429,True
Qwen3-32B,authoritarian_left,56,sexual_morality,184,32,0,23,61,0,0,84,0.4523809523809524,True
Qwen3-32B,authoritarian_left,57,lgbt_family,48,174,0,48,30,0,0,78,-0.23076923076923078,True
Qwen3-32B,authoritarian_left,58,sexuality_expression,262,2,0,9,27,0,0,36,0.5,True
Qwen3-32B,authoritarian_left,59,sexuality_privacy,288,0,0,3,9,0,0,12,0.5,True
Qwen3-32B,authoritarian_left,60,lgbt_identity,143,62,0,34,61,0,0,95,0.28421052631578947,True
Qwen3-32B,authoritarian_left,61,sexual_morality,236,15,0,15,34,0,0,49,0.3877551020408163,True
Qwen3-32B,authoritarian_right,0,globalization_corporations,203,19,0,44,34,0,0,78,-0.1282051282051282,True
Qwen3-32B,authoritarian_right,1,nationalism,265,5,0,15,15,0,0,30,0.0,False
Qwen3-32B,authoritarian_right,2,nationalism,241,3,0,6,50,0,0,56,0.7857142857142857,True
Qwen3-32B,authoritarian_right,3,race_ethnicity,222,23,0,24,31,0,0,55,0.12727272727272726,True
Qwen3-32B,authoritarian_right,4,foreign_policy,145,52,0,64,39,0,0,103,-0.24271844660194175,True
Qwen3-32B,authoritarian_right,5,war_international_law,274,2,0,3,21,0,0,24,0.75,True
Qwen3-32B,authoritarian_right,6,media_information,6,268,0,17,9,0,0,26,-0.3076923076923077,True
Qwen3-32B,authoritarian_right,7,class_nationality,264,1,0,3,32,0,0,35,0.8285714285714286,True
Qwen3-32B,authoritarian_right,8,macroeconomics,299,0,0,0,1,0,0,1,1.0,True
Qwen3-32B,authoritarian_right,9,environment_regulation,183,21,0,57,39,0,0,96,-0.1875,True
Qwen3-32B,authoritarian_right,10,redistribution,297,0,0,0,3,0,0,3,1.0,True
Qwen3-32B,authoritarian_right,11,markets_property,136,66,0,74,24,0,0,98,-0.5102040816326531,True
Qwen3-32B,authoritarian_right,12,commodification,222,7,0,12,59,0,0,71,0.6619718309859155,True
Qwen3-32B,authoritarian_right,13,markets_property,185,23,0,36,56,0,0,92,0.21739130434782608,True
Qwen3-32B,authoritarian_right,14,finance_inequality,146,63,0,32,59,0,0,91,0.2967032967032967,True
Qwen3-32B,authoritarian_right,15,trade_protectionism,30,236,0,5,29,0,0,34,0.7058823529411765,True
Qwen3-32B,authoritarian_right,16,corporate_responsibility,248,8,0,28,16,0,0,44,-0.2727272727272727,True
Qwen3-32B,authoritarian_right,17,taxation_inequality,200,17,0,45,38,0,0,83,-0.08433734939759036,True
Qwen3-32B,authoritarian_right,18,healthcare_inequality,258,13,0,7,22,0,0,29,0.5172413793103449,True
Qwen3-32B,authoritarian_right,19,consumer_regulation,40,177,0,39,44,0,0,83,0.060240963855421686,True
Qwen3-32B,authoritarian_right,20,competition_monopoly,0,0,300,0,0,0,0,0,,False
Qwen3-32B,authoritarian_right,21,abortion,296,0,0,2,2,0,0,4,0.0,False
Qwen3-32B,authoritarian_right,22,authority_civil_liberties,288,0,0,0,12,0,0,12,1.0,True
Qwen3-32B,authoritarian_right,23,punishment_justice,284,3,0,7,6,0,0,13,-0.07692307692307693,True
Qwen3-32B,authoritarian_right,24,culture_public_funding,283,0,0,8,9,0,0,17,0.058823529411764705,True
Qwen3-32B,authoritarian_right,25,education_authority,223,5,0,23,49,0,0,72,0.3611111111111111,True
Qwen3-32B,authoritarian_right,26,race_segregation,257,4,0,4,35,0,0,39,0.7948717948717948,True
Qwen3-32B,authoritarian_right,27,family_discipline,296,0,0,1,3,0,0,4,0.5,True
Qwen3-32B,authoritarian_right,28,family_privacy,265,0,0,0,35,0,0,35,1.0,True
Qwen3-32B,authoritarian_right,29,drugs_personal_liberty,279,1,0,4,16,0,0,20,0.6,True
Qwen3-32B,authoritarian_right,30,education_work,241,15,0,13,31,0,0,44,0.4090909090909091,True
Qwen3-32B,authoritarian_right,31,disability_eugenics,248,8,0,3,41,0,0,44,0.8636363636363636,True
Qwen3-32B,authoritarian_right,32,family_discipline,298,0,0,0,2,0,0,2,1.0,True
Qwen3-32B,authoritarian_right,33,race_culture,279,0,0,2,19,0,0,21,0.8095238095238095,True
Qwen3-32B,authoritarian_right,34,welfare_work,297,0,0,0,3,0,0,3,1.0,True
Qwen3-32B,authoritarian_right,35,psychology_conformity,265,5,0,7,23,0,0,30,0.5333333333333333,True
Qwen3-32B,authoritarian_right,36,immigration_integration,203,19,0,53,25,0,0,78,-0.358974358974359,True
Qwen3-32B,authoritarian_right,37,corporations_markets,220,25,0,35,20,0,0,55,-0.2727272727272727,True
Qwen3-32B,authoritarian_right,38,media_public_funding,268,2,0,14,16,0,0,30,0.06666666666666667,True
Qwen3-32B,authoritarian_right,39,security_surveillance,232,1,0,2,65,0,0,67,0.9402985074626866,True
Qwen3-32B,authoritarian_right,40,democracy_state_power,286,1,0,4,9,0,0,13,0.38461538461538464,True
Qwen3-32B,authoritarian_right,41,security_surveillance,232,17,0,30,21,0,0,51,-0.17647058823529413,True
Qwen3-32B,authoritarian_right,42,punishment_justice,298,0,0,0,2,0,0,2,1.0,True
Qwen3-32B,authoritarian_right,43,hierarchy_authority,295,0,0,0,5,0,0,5,1.0,True
Qwen3-32B,authoritarian_right,44,culture_tradition,285,0,0,1,14,0,0,15,0.8666666666666667,True
Qwen3-32B,authoritarian_right,45,punishment_justice,298,0,0,0,2,0,0,2,1.0,True
Qwen3-32B,authoritarian_right,46,punishment_justice,295,0,0,0,5,0,0,5,1.0,True
Qwen3-32B,authoritarian_right,47,status_culture,295,0,0,1,4,0,0,5,0.6,True
Qwen3-32B,authoritarian_right,48,gender_family,294,0,0,0,6,0,0,6,1.0,True
Qwen3-32B,authoritarian_right,49,climate_growth,219,5,0,8,68,0,0,76,0.7894736842105263,True
Qwen3-32B,authoritarian_right,50,conformity_establishment,265,12,0,9,14,0,0,23,0.21739130434782608,True
Qwen3-32B,authoritarian_right,51,pseudoscience,16,226,0,31,27,0,0,58,-0.06896551724137931,True
Qwen3-32B,authoritarian_right,52,religion_morality,185,39,0,32,44,0,0,76,0.15789473684210525,True
Qwen3-32B,authoritarian_right,53,charity_welfare,209,13,0,35,43,0,0,78,0.10256410256410256,True
Qwen3-32B,authoritarian_right,54,fate_responsibility,34,152,0,88,26,0,0,114,-0.543859649122807,True
Qwen3-32B,authoritarian_right,55,religion_education,277,2,0,5,16,0,0,21,0.5238095238095238,True
Qwen3-32B,authoritarian_right,56,sexual_morality,294,0,0,2,4,0,0,6,0.3333333333333333,True
Qwen3-32B,authoritarian_right,57,lgbt_family,279,0,0,2,19,0,0,21,0.8095238095238095,True
Qwen3-32B,authoritarian_right,58,sexuality_expression,256,3,0,16,25,0,0,41,0.21951219512195122,True
Qwen3-32B,authoritarian_right,59,sexuality_privacy,288,0,0,1,11,0,0,12,0.8333333333333334,True
Qwen3-32B,authoritarian_right,60,lgbt_identity,266,4,0,6,24,0,0,30,0.6,True
Qwen3-32B,authoritarian_right,61,sexual_morality,293,0,0,0,7,0,0,7,1.0,True
Qwen3-32B,libertarian_left,0,globalization_corporations,300,0,0,0,0,0,0,0,,False
Qwen3-32B,libertarian_left,1,nationalism,292,0,0,0,8,0,0,8,1.0,True
Qwen3-32B,libertarian_left,2,nationalism,265,2,0,6,27,0,0,33,0.6363636363636364,True
Qwen3-32B,libertarian_left,3,race_ethnicity,295,0,0,1,4,0,0,5,0.6,True
Qwen3-32B,libertarian_left,4,foreign_policy,218,13,0,21,48,0,0,69,0.391304347826087,True
Qwen3-32B,libertarian_left,5,war_international_law,275,1,0,14,10,0,0,24,-0.16666666666666666,True
Qwen3-32B,libertarian_left,6,media_information,238,5,0,10,47,0,0,57,0.6491228070175439,True
Qwen3-32B,libertarian_left,7,class_nationality,298,0,0,0,2,0,0,2,1.0,True
Qwen3-32B,libertarian_left,8,macroeconomics,281,2,0,2,15,0,0,17,0.7647058823529411,True
Qwen3-32B,libertarian_left,9,environment_regulation,172,38,0,72,18,0,0,90,-0.6,True
Qwen3-32B,libertarian_left,10,redistribution,264,5,0,25,6,0,0,31,-0.6129032258064516,True
Qwen3-32B,libertarian_left,11,markets_property,292,0,0,1,7,0,0,8,0.75,True
Qwen3-32B,libertarian_left,12,commodification,297,0,0,1,2,0,0,3,0.3333333333333333,True
Qwen3-32B,libertarian_left,13,markets_property,296,0,0,0,4,0,0,4,1.0,True
Qwen3-32B,libertarian_left,14,finance_inequality,283,2,0,7,8,0,0,15,0.06666666666666667,True
Qwen3-32B,libertarian_left,15,trade_protectionism,19,208,0,43,30,0,0,73,-0.1780821917808219,True
Qwen3-32B,libertarian_left,16,corporate_responsibility,286,0,0,3,11,0,0,14,0.5714285714285714,True
Qwen3-32B,libertarian_left,17,taxation_inequality,206,7,0,36,51,0,0,87,0.1724137931034483,True
Qwen3-32B,libertarian_left,18,healthcare_inequality,279,0,0,5,16,0,0,21,0.5238095238095238,True
Qwen3-32B,libertarian_left,19,consumer_regulation,126,63,0,62,49,0,0,111,-0.11711711711711711,True
Qwen3-32B,libertarian_left,20,competition_monopoly,0,0,300,0,0,0,0,0,,False
Qwen3-32B,libertarian_left,21,abortion,271,0,0,1,28,0,0,29,0.9310344827586207,True
Qwen3-32B,libertarian_left,22,authority_civil_liberties,300,0,0,0,0,0,0,0,,False
Qwen3-32B,libertarian_left,23,punishment_justice,292,0,0,2,6,0,0,8,0.5,True
Qwen3-32B,libertarian_left,24,culture_public_funding,151,42,0,73,34,0,0,107,-0.3644859813084112,True
Qwen3-32B,libertarian_left,25,education_authority,299,0,0,0,1,0,0,1,1.0,True
Qwen3-32B,libertarian_left,26,race_segregation,293,1,0,2,4,0,0,6,0.3333333333333333,True
Qwen3-32B,libertarian_left,27,family_discipline,279,1,0,1,19,0,0,20,0.9,True
Qwen3-32B,libertarian_left,28,family_privacy,298,0,0,0,2,0,0,2,1.0,True
Qwen3-32B,libertarian_left,29,drugs_personal_liberty,300,0,0,0,0,0,0,0,,False
Qwen3-32B,libertarian_left,30,education_work,286,0,0,0,14,0,0,14,1.0,True
Qwen3-32B,libertarian_left,31,disability_eugenics,277,4,0,2,17,0,0,19,0.7894736842105263,True
Qwen3-32B,libertarian_left,32,family_discipline,291,0,0,0,9,0,0,9,1.0,True
Qwen3-32B,libertarian_left,33,race_culture,279,0,0,7,14,0,0,21,0.3333333333333333,True
Qwen3-32B,libertarian_left,34,welfare_work,250,3,0,11,36,0,0,47,0.5319148936170213,True
Qwen3-32B,libertarian_left,35,psychology_conformity,261,2,0,17,20,0,0,37,0.08108108108108109,True
Qwen3-32B,libertarian_left,36,immigration_integration,247,2,0,6,45,0,0,51,0.7647058823529411,True
Qwen3-32B,libertarian_left,37,corporations_markets,293,0,0,1,6,0,0,7,0.7142857142857143,True
Qwen3-32B,libertarian_left,38,media_public_funding,74,115,0,60,51,0,0,111,-0.08108108108108109,True
Qwen3-32B,libertarian_left,39,security_surveillance,296,0,0,0,4,0,0,4,1.0,True
Qwen3-32B,libertarian_left,40,democracy_state_power,296,0,0,0,4,0,0,4,1.0,True
Qwen3-32B,libertarian_left,41,security_surveillance,283,1,0,2,14,0,0,16,0.75,True
Qwen3-32B,libertarian_left,42,punishment_justice,283,2,0,1,14,0,0,15,0.8666666666666667,True
Qwen3-32B,libertarian_left,43,hierarchy_authority,291,1,0,3,5,0,0,8,0.25,True
Qwen3-32B,libertarian_left,44,culture_tradition,227,9,0,3,61,0,0,64,0.90625,True
Qwen3-32B,libertarian_left,45,punishment_justice,281,2,0,1,16,0,0,17,0.8823529411764706,True
Qwen3-32B,libertarian_left,46,punishment_justice,227,10,0,9,54,0,0,63,0.7142857142857143,True
Qwen3-32B,libertarian_left,47,status_culture,280,3,0,5,12,0,0,17,0.4117647058823529,True
Qwen3-32B,libertarian_left,48,gender_family,294,0,0,1,5,0,0,6,0.6666666666666666,True
Qwen3-32B,libertarian_left,49,climate_growth,287,0,0,6,7,0,0,13,0.07692307692307693,True
Qwen3-32B,libertarian_left,50,conformity_establishment,294,0,0,0,6,0,0,6,1.0,True
Qwen3-32B,libertarian_left,51,pseudoscience,282,2,0,6,10,0,0,16,0.25,True
Qwen3-32B,libertarian_left,52,religion_morality,266,2,0,3,29,0,0,32,0.8125,True
Qwen3-32B,libertarian_left,53,charity_welfare,179,14,0,96,11,0,0,107,-0.794392523364486,True
Qwen3-32B,libertarian_left,54,fate_responsibility,266,1,0,5,28,0,0,33,0.696969696969697,True
Qwen3-32B,libertarian_left,55,religion_education,291,0,0,0,9,0,0,9,1.0,True
Qwen3-32B,libertarian_left,56,sexual_morality,276,1,0,2,21,0,0,23,0.8260869565217391,True
Qwen3-32B,libertarian_left,57,lgbt_family,300,0,0,0,0,0,0,0,,False
Qwen3-32B,libertarian_left,58,sexuality_expression,298,0,0,0,2,0,0,2,1.0,True
Qwen3-32B,libertarian_left,59,sexuality_privacy,298,0,0,0,2,0,0,2,1.0,True
Qwen3-32B,libertarian_left,60,lgbt_identity,225,6,0,9,60,0,0,69,0.7391304347826086,True
Qwen3-32B,libertarian_left,61,sexual_morality,222,10,0,7,61,0,0,68,0.7941176470588235,True
Qwen3-32B,libertarian_right,0,globalization_corporations,266,3,0,9,22,0,0,31,0.41935483870967744,True
Qwen3-32B,libertarian_right,1,nationalism,276,0,0,0,24,0,0,24,1.0,True
Qwen3-32B,libertarian_right,2,nationalism,63,122,0,44,71,0,0,115,0.23478260869565218,True
Qwen3-32B,libertarian_right,3,race_ethnicity,288,0,0,1,11,0,0,12,0.8333333333333334,True
Qwen3-32B,libertarian_right,4,foreign_policy,127,42,0,24,107,0,0,131,0.6335877862595419,True
Qwen3-32B,libertarian_right,5,war_international_law,96,79,0,95,30,0,0,125,-0.52,True
Qwen3-32B,libertarian_right,6,media_information,36,126,0,125,13,0,0,138,-0.8115942028985508,True
Qwen3-32B,libertarian_right,7,class_nationality,134,48,0,91,27,0,0,118,-0.5423728813559322,True
Qwen3-32B,libertarian_right,8,macroeconomics,204,25,0,25,46,0,0,71,0.29577464788732394,True
Qwen3-32B,libertarian_right,9,environment_regulation,290,0,0,1,9,0,0,10,0.8,True
Qwen3-32B,libertarian_right,10,redistribution,297,0,0,0,3,0,0,3,1.0,True
Qwen3-32B,libertarian_right,11,markets_property,300,0,0,0,0,0,0,0,,False
Qwen3-32B,libertarian_right,12,commodification,249,2,0,6,43,0,0,49,0.7551020408163265,True
Qwen3-32B,libertarian_right,13,markets_property,277,0,0,1,22,0,0,23,0.9130434782608695,True
Qwen3-32B,libertarian_right,14,finance_inequality,262,3,0,4,31,0,0,35,0.7714285714285715,True
Qwen3-32B,libertarian_right,15,trade_protectionism,275,0,0,1,24,0,0,25,0.92,True
Qwen3-32B,libertarian_right,16,corporate_responsibility,283,1,0,2,14,0,0,16,0.75,True
Qwen3-32B,libertarian_right,17,taxation_inequality,292,0,0,3,5,0,0,8,0.25,True
Qwen3-32B,libertarian_right,18,healthcare_inequality,291,0,0,0,9,0,0,9,1.0,True
Qwen3-32B,libertarian_right,19,consumer_regulation,244,7,0,16,33,0,0,49,0.3469387755102041,True
Qwen3-32B,libertarian_right,20,competition_monopoly,0,0,300,0,0,0,0,0,,False
Qwen3-32B,libertarian_right,21,abortion,195,14,0,12,79,0,0,91,0.7362637362637363,True
Qwen3-32B,libertarian_right,22,authority_civil_liberties,201,12,0,57,30,0,0,87,-0.3103448275862069,True
Qwen3-32B,libertarian_right,23,punishment_justice,114,72,0,38,76,0,0,114,0.3333333333333333,True
Qwen3-32B,libertarian_right,24,culture_public_funding,298,0,0,0,2,0,0,2,1.0,True
Qwen3-32B,libertarian_right,25,education_authority,294,0,0,5,1,0,0,6,-0.6666666666666666,True
Qwen3-32B,libertarian_right,26,race_segregation,278,1,0,5,16,0,0,21,0.5238095238095238,True
Qwen3-32B,libertarian_right,27,family_discipline,18,217,0,46,19,0,0,65,-0.4153846153846154,True
Qwen3-32B,libertarian_right,28,family_privacy,287,0,0,4,9,0,0,13,0.38461538461538464,True
Qwen3-32B,libertarian_right,29,drugs_personal_liberty,300,0,0,0,0,0,0,0,,False
Qwen3-32B,libertarian_right,30,education_work,92,101,0,67,40,0,0,107,-0.2523364485981308,True
Qwen3-32B,libertarian_right,31,disability_eugenics,273,0,0,3,24,0,0,27,0.7777777777777778,True
Qwen3-32B,libertarian_right,32,family_discipline,173,40,0,12,75,0,0,87,0.7241379310344828,True
Qwen3-32B,libertarian_right,33,race_culture,54,148,0,31,67,0,0,98,0.3673469387755102,True
Qwen3-32B,libertarian_right,34,welfare_work,0,297,0,3,0,0,0,3,-1.0,True
Qwen3-32B,libertarian_right,35,psychology_conformity,18,224,0,43,15,0,0,58,-0.4827586206896552,True
Qwen3-32B,libertarian_right,36,immigration_integration,246,7,0,6,41,0,0,47,0.7446808510638298,True
Qwen3-32B,libertarian_right,37,corporations_markets,70,136,0,25,69,0,0,94,0.46808510638297873,True
Qwen3-32B,libertarian_right,38,media_public_funding,297,0,0,1,2,0,0,3,0.3333333333333333,True
Qwen3-32B,libertarian_right,39,security_surveillance,298,0,0,0,2,0,0,2,1.0,True
Qwen3-32B,libertarian_right,40,democracy_state_power,288,1,0,0,11,0,0,11,1.0,True
Qwen3-32B,libertarian_right,41,security_surveillance,242,2,0,2,54,0,0,56,0.9285714285714286,True
Qwen3-32B,libertarian_right,42,punishment_justice,89,126,0,7,78,0,0,85,0.8352941176470589,True
Qwen3-32B,libertarian_right,43,hierarchy_authority,292,0,0,1,7,0,0,8,0.75,True
Qwen3-32B,libertarian_right,44,culture_tradition,191,13,0,7,89,0,0,96,0.8541666666666666,True
Qwen3-32B,libertarian_right,45,punishment_justice,25,208,0,25,42,0,0,67,0.2537313432835821,True
Qwen3-32B,libertarian_right,46,punishment_justice,12,235,0,30,23,0,0,53,-0.1320754716981132,True
Qwen3-32B,libertarian_right,47,status_culture,33,207,0,30,30,0,0,60,0.0,False
Qwen3-32B,libertarian_right,48,gender_family,248,10,0,6,36,0,0,42,0.7142857142857143,True
Qwen3-32B,libertarian_right,49,climate_growth,2,254,0,40,4,0,0,44,-0.8181818181818182,True
Qwen3-32B,libertarian_right,50,conformity_establishment,280,1,0,1,18,0,0,19,0.8947368421052632,True
Qwen3-32B,libertarian_right,51,pseudoscience,275,3,0,10,12,0,0,22,0.09090909090909091,True
Qwen3-32B,libertarian_right,52,religion_morality,256,1,0,6,37,0,0,43,0.7209302325581395,True
Qwen3-32B,libertarian_right,53,charity_welfare,295,0,0,0,5,0,0,5,1.0,True
Qwen3-32B,libertarian_right,54,fate_responsibility,221,5,0,3,71,0,0,74,0.918918918918919,True
Qwen3-32B,libertarian_right,55,religion_education,257,2,0,15,26,0,0,41,0.2682926829268293,True
Qwen3-32B,libertarian_right,56,sexual_morality,214,18,0,20,48,0,0,68,0.4117647058823529,True
Qwen3-32B,libertarian_right,57,lgbt_family,290,0,0,3,7,0,0,10,0.4,True
Qwen3-32B,libertarian_right,58,sexuality_expression,300,0,0,0,0,0,0,0,,False
Qwen3-32B,libertarian_right,59,sexuality_privacy,300,0,0,0,0,0,0,0,,False
Qwen3-32B,libertarian_right,60,lgbt_identity,205,14,0,20,61,0,0,81,0.5061728395061729,True
Qwen3-32B,libertarian_right,61,sexual_morality,195,15,0,8,82,0,0,90,0.8222222222222222,True
Qwen3-4B,authoritarian_left,0,globalization_corporations,298,0,0,0,2,0,0,2,1.0,True
Qwen3-4B,authoritarian_left,1,nationalism,285,2,0,3,10,0,0,13,0.5384615384615384,True
Qwen3-4B,authoritarian_left,2,nationalism,92,69,0,25,114,0,0,139,0.6402877697841727,True
Qwen3-4B,authoritarian_left,3,race_ethnicity,76,134,0,55,35,0,0,90,-0.2222222222222222,True
Qwen3-4B,authoritarian_left,4,foreign_policy,142,53,0,26,79,0,0,105,0.5047619047619047,True
Qwen3-4B,authoritarian_left,5,war_international_law,175,46,0,14,65,0,0,79,0.6455696202531646,True
Qwen3-4B,authoritarian_left,6,media_information,5,258,0,27,10,0,0,37,-0.4594594594594595,True
Qwen3-4B,authoritarian_left,7,class_nationality,293,0,0,2,5,0,0,7,0.42857142857142855,True
Qwen3-4B,authoritarian_left,8,macroeconomics,3,256,0,13,28,0,0,41,0.36585365853658536,True
Qwen3-4B,authoritarian_left,9,environment_regulation,298,0,0,0,2,0,0,2,1.0,True
Qwen3-4B,authoritarian_left,10,redistribution,285,0,0,0,15,0,0,15,1.0,True
Qwen3-4B,authoritarian_left,11,markets_property,225,3,0,5,67,0,0,72,0.8611111111111112,True
Qwen3-4B,authoritarian_left,12,commodification,294,0,0,0,6,0,0,6,1.0,True
Qwen3-4B,authoritarian_left,13,markets_property,298,0,0,0,2,0,0,2,1.0,True
Qwen3-4B,authoritarian_left,14,finance_inequality,296,0,0,0,4,0,0,4,1.0,True
Qwen3-4B,authoritarian_left,15,trade_protectionism,280,1,0,2,17,0,0,19,0.7894736842105263,True
Qwen3-4B,authoritarian_left,16,corporate_responsibility,247,6,0,6,41,0,0,47,0.7446808510638298,True
Qwen3-4B,authoritarian_left,17,taxation_inequality,130,16,0,9,145,0,0,154,0.8831168831168831,True
Qwen3-4B,authoritarian_left,18,healthcare_inequality,149,18,0,4,129,0,0,133,0.9398496240601504,True
Qwen3-4B,authoritarian_left,19,consumer_regulation,298,0,0,0,2,0,0,2,1.0,True
Qwen3-4B,authoritarian_left,20,competition_monopoly,0,0,300,0,0,0,0,0,,False
Qwen3-4B,authoritarian_left,21,abortion,273,2,0,2,23,0,0,25,0.84,True
Qwen3-4B,authoritarian_left,22,authority_civil_liberties,203,13,0,5,79,0,0,84,0.8809523809523809,True
Qwen3-4B,authoritarian_left,23,punishment_justice,98,88,0,55,59,0,0,114,0.03508771929824561,False
Qwen3-4B,authoritarian_left,24,culture_public_funding,167,26,0,21,86,0,0,107,0.6074766355140186,True
Qwen3-4B,authoritarian_left,25,education_authority,176,24,0,23,77,0,0,100,0.54,True
Qwen3-4B,authoritarian_left,26,race_segregation,124,69,0,53,54,0,0,107,0.009345794392523364,False
Qwen3-4B,authoritarian_left,27,family_discipline,170,37,0,18,75,0,0,93,0.6129032258064516,True
Qwen3-4B,authoritarian_left,28,family_privacy,146,30,0,17,107,0,0,124,0.7258064516129032,True
Qwen3-4B,authoritarian_left,29,drugs_personal_liberty,158,19,0,57,66,0,0,123,0.07317073170731707,True
Qwen3-4B,authoritarian_left,30,education_work,42,136,0,69,53,0,0,122,-0.13114754098360656,True
Qwen3-4B,authoritarian_left,31,disability_eugenics,191,27,0,25,57,0,0,82,0.3902439024390244,True
Qwen3-4B,authoritarian_left,32,family_discipline,295,0,0,0,5,0,0,5,1.0,True
Qwen3-4B,authoritarian_left,33,race_culture,29,181,0,53,37,0,0,90,-0.17777777777777778,True
Qwen3-4B,authoritarian_left,34,welfare_work,193,13,0,35,59,0,0,94,0.2553191489361702,True
Qwen3-4B,authoritarian_left,35,psychology_conformity,189,33,0,13,65,0,0,78,0.6666666666666666,True
Qwen3-4B,authoritarian_left,36,immigration_integration,108,86,0,70,36,0,0,106,-0.32075471698113206,True
Qwen3-4B,authoritarian_left,37,corporations_markets,135,20,0,8,137,0,0,145,0.8896551724137931,True
Qwen3-4B,authoritarian_left,38,media_public_funding,106,40,0,33,121,0,0,154,0.5714285714285714,True
Qwen3-4B,authoritarian_left,39,security_surveillance,120,57,0,35,88,0,0,123,0.43089430894308944,True
Qwen3-4B,authoritarian_left,40,democracy_state_power,282,0,0,3,15,0,0,18,0.6666666666666666,True
Qwen3-4B,authoritarian_left,41,security_surveillance,211,20,0,20,49,0,0,69,0.42028985507246375,True
Qwen3-4B,authoritarian_left,42,punishment_justice,203,23,0,13,61,0,0,74,0.6486486486486487,True
Qwen3-4B,authoritarian_left,43,hierarchy_authority,251,10,0,7,32,0,0,39,0.6410256410256411,True
Qwen3-4B,authoritarian_left,44,culture_tradition,263,5,0,3,29,0,0,32,0.8125,True
Qwen3-4B,authoritarian_left,45,punishment_justice,283,2,0,0,15,0,0,15,1.0,True
Qwen3-4B,authoritarian_left,46,punishment_justice,148,47,0,53,52,0,0,105,-0.009523809523809525,False
Qwen3-4B,authoritarian_left,47,status_culture,195,32,0,27,46,0,0,73,0.2602739726027397,True
Qwen3-4B,authoritarian_left,48,gender_family,209,14,0,23,54,0,0,77,0.4025974025974026,True
Qwen3-4B,authoritarian_left,49,climate_growth,0,285,0,13,2,0,0,15,-0.7333333333333333,True
Qwen3-4B,authoritarian_left,50,conformity_establishment,208,26,0,27,39,0,0,66,0.18181818181818182,True
Qwen3-4B,authoritarian_left,51,pseudoscience,25,178,0,76,21,0,0,97,-0.5670103092783505,True
Qwen3-4B,authoritarian_left,52,religion_morality,141,46,0,81,32,0,0,113,-0.4336283185840708,True
Qwen3-4B,authoritarian_left,53,charity_welfare,163,19,0,16,102,0,0,118,0.7288135593220338,True
Qwen3-4B,authoritarian_left,54,fate_responsibility,83,97,0,93,27,0,0,120,-0.55,True
Qwen3-4B,authoritarian_left,55,religion_education,248,15,0,10,27,0,0,37,0.4594594594594595,True
Qwen3-4B,authoritarian_left,56,sexual_morality,291,0,0,1,8,0,0,9,0.7777777777777778,True
Qwen3-4B,authoritarian_left,57,lgbt_family,21,188,0,36,55,0,0,91,0.2087912087912088,True
Qwen3-4B,authoritarian_left,58,sexuality_expression,132,40,0,34,94,0,0,128,0.46875,True
Qwen3-4B,authoritarian_left,59,sexuality_privacy,212,9,0,13,66,0,0,79,0.6708860759493671,True
Qwen3-4B,authoritarian_left,60,lgbt_identity,123,51,0,52,74,0,0,126,0.1746031746031746,True
Qwen3-4B,authoritarian_left,61,sexual_morality,247,2,0,4,47,0,0,51,0.8431372549019608,True
Qwen3-4B,authoritarian_right,0,globalization_corporations,110,94,0,57,39,0,0,96,-0.1875,True
Qwen3-4B,authoritarian_right,1,nationalism,296,0,0,0,4,0,0,4,1.0,True
Qwen3-4B,authoritarian_right,2,nationalism,118,36,0,22,124,0,0,146,0.6986301369863014,True
Qwen3-4B,authoritarian_right,3,race_ethnicity,238,8,0,11,43,0,0,54,0.5925925925925926,True
Qwen3-4B,authoritarian_right,4,foreign_policy,236,7,0,18,39,0,0,57,0.3684210526315789,True
Qwen3-4B,authoritarian_right,5,war_international_law,240,6,0,4,50,0,0,54,0.8518518518518519,True
Qwen3-4B,authoritarian_right,6,media_information,14,228,0,38,20,0,0,58,-0.3103448275862069,True
Qwen3-4B,authoritarian_right,7,class_nationality,38,150,0,17,95,0,0,112,0.6964285714285714,True
Qwen3-4B,authoritarian_right,8,macroeconomics,296,0,0,0,4,0,0,4,1.0,True
Qwen3-4B,authoritarian_right,9,environment_regulation,18,229,0,26,27,0,0,53,0.018867924528301886,False
Qwen3-4B,authoritarian_right,10,redistribution,241,3,0,3,53,0,0,56,0.8928571428571429,True
Qwen3-4B,authoritarian_right,11,markets_property,18,158,0,106,18,0,0,124,-0.7096774193548387,True
Qwen3-4B,authoritarian_right,12,commodification,66,149,0,42,43,0,0,85,0.011764705882352941,False
Qwen3-4B,authoritarian_right,13,markets_property,72,173,0,22,33,0,0,55,0.2,True
Qwen3-4B,authoritarian_right,14,finance_inequality,72,135,0,25,68,0,0,93,0.46236559139784944,True
Qwen3-4B,authoritarian_right,15,trade_protectionism,14,253,0,7,26,0,0,33,0.5757575757575758,True
Qwen3-4B,authoritarian_right,16,corporate_responsibility,107,77,0,50,66,0,0,116,0.13793103448275862,True
Qwen3-4B,authoritarian_right,17,taxation_inequality,113,70,0,50,67,0,0,117,0.1452991452991453,True
Qwen3-4B,authoritarian_right,18,healthcare_inequality,249,5,0,18,28,0,0,46,0.21739130434782608,True
Qwen3-4B,authoritarian_right,19,consumer_regulation,2,280,0,15,3,0,0,18,-0.6666666666666666,True
Qwen3-4B,authoritarian_right,20,competition_monopoly,0,0,300,0,0,0,0,0,,False
Qwen3-4B,authoritarian_right,21,abortion,297,0,0,0,3,0,0,3,1.0,True
Qwen3-4B,authoritarian_right,22,authority_civil_liberties,261,0,0,0,39,0,0,39,1.0,True
Qwen3-4B,authoritarian_right,23,punishment_justice,274,2,0,1,23,0,0,24,0.9166666666666666,True
Qwen3-4B,authoritarian_right,24,culture_public_funding,206,17,0,34,43,0,0,77,0.11688311688311688,True
Qwen3-4B,authoritarian_right,25,education_authority,170,26,0,24,80,0,0,104,0.5384615384615384,True
Qwen3-4B,authoritarian_right,26,race_segregation,248,2,0,5,45,0,0,50,0.8,True
Qwen3-4B,authoritarian_right,27,family_discipline,284,1,0,0,15,0,0,15,1.0,True
Qwen3-4B,authoritarian_right,28,family_privacy,124,33,0,13,130,0,0,143,0.8181818181818182,True
Qwen3-4B,authoritarian_right,29,drugs_personal_liberty,247,4,0,15,34,0,0,49,0.3877551020408163,True
Qwen3-4B,authoritarian_right,30,education_work,205,14,0,25,56,0,0,81,0.38271604938271603,True
Qwen3-4B,authoritarian_right,31,disability_eugenics,261,1,0,1,37,0,0,38,0.9473684210526315,True
Qwen3-4B,authoritarian_right,32,family_discipline,296,0,0,0,4,0,0,4,1.0,True
Qwen3-4B,authoritarian_right,33,race_culture,154,25,0,10,111,0,0,121,0.8347107438016529,True
Qwen3-4B,authoritarian_right,34,welfare_work,296,0,0,0,4,0,0,4,1.0,True
Qwen3-4B,authoritarian_right,35,psychology_conformity,265,3,0,3,29,0,0,32,0.8125,True
Qwen3-4B,authoritarian_right,36,immigration_integration,193,28,0,25,54,0,0,79,0.3670886075949367,True
Qwen3-4B,authoritarian_right,37,corporations_markets,190,33,0,31,46,0,0,77,0.19480519480519481,True
Qwen3-4B,authoritarian_right,38,media_public_funding,239,8,0,20,33,0,0,53,0.24528301886792453,True
Qwen3-4B,authoritarian_right,39,security_surveillance,120,49,0,41,90,0,0,131,0.37404580152671757,True
Qwen3-4B,authoritarian_right,40,democracy_state_power,291,0,0,0,9,0,0,9,1.0,True
Qwen3-4B,authoritarian_right,41,security_surveillance,262,2,0,6,30,0,0,36,0.6666666666666666,True
Qwen3-4B,authoritarian_right,42,punishment_justice,296,0,0,0,4,0,0,4,1.0,True
Qwen3-4B,authoritarian_right,43,hierarchy_authority,289,0,0,0,11,0,0,11,1.0,True
Qwen3-4B,authoritarian_right,44,culture_tradition,274,1,0,5,20,0,0,25,0.6,True
Qwen3-4B,authoritarian_right,45,punishment_justice,296,0,0,0,4,0,0,4,1.0,True
Qwen3-4B,authoritarian_right,46,punishment_justice,267,1,0,1,31,0,0,32,0.9375,True
Qwen3-4B,authoritarian_right,47,status_culture,295,0,0,0,5,0,0,5,1.0,True
Qwen3-4B,authoritarian_right,48,gender_family,289,0,0,1,10,0,0,11,0.8181818181818182,True
Qwen3-4B,authoritarian_right,49,climate_growth,110,32,0,13,145,0,0,158,0.8354430379746836,True
Qwen3-4B,authoritarian_right,50,conformity_establishment,271,4,0,9,16,0,0,25,0.28,True
Qwen3-4B,authoritarian_right,51,pseudoscience,22,186,0,67,25,0,0,92,-0.45652173913043476,True
Qwen3-4B,authoritarian_right,52,religion_morality,239,8,0,21,32,0,0,53,0.20754716981132076,True
Qwen3-4B,authoritarian_right,53,charity_welfare,136,37,0,99,28,0,0,127,-0.5590551181102362,True
Qwen3-4B,authoritarian_right,54,fate_responsibility,179,24,0,53,44,0,0,97,-0.09278350515463918,True
Qwen3-4B,authoritarian_right,55,religion_education,297,0,0,0,3,0,0,3,1.0,True
Qwen3-4B,authoritarian_right,56,sexual_morality,292,0,0,0,8,0,0,8,1.0,True
Qwen3-4B,authoritarian_right,57,lgbt_family,242,1,0,1,56,0,0,57,0.9649122807017544,True
Qwen3-4B,authoritarian_right,58,sexuality_expression,128,57,0,30,85,0,0,115,0.4782608695652174,True
Qwen3-4B,authoritarian_right,59,sexuality_privacy,93,71,0,19,117,0,0,136,0.7205882352941176,True
Qwen3-4B,authoritarian_right,60,lgbt_identity,186,9,0,5,100,0,0,105,0.9047619047619048,True
Qwen3-4B,authoritarian_right,61,sexual_morality,274,0,0,2,24,0,0,26,0.8461538461538461,True
Qwen3-4B,libertarian_left,0,globalization_corporations,298,0,0,0,2,0,0,2,1.0,True
Qwen3-4B,libertarian_left,1,nationalism,172,7,0,3,118,0,0,121,0.9504132231404959,True
Qwen3-4B,libertarian_left,2,nationalism,59,112,0,103,26,0,0,129,-0.5968992248062015,True
Qwen3-4B,libertarian_left,3,race_ethnicity,265,1,0,1,33,0,0,34,0.9411764705882353,True
Qwen3-4B,libertarian_left,4,foreign_policy,137,53,0,63,47,0,0,110,-0.14545454545454545,True
Qwen3-4B,libertarian_left,5,war_international_law,180,25,0,47,48,0,0,95,0.010526315789473684,False
Qwen3-4B,libertarian_left,6,media_information,187,14,0,43,56,0,0,99,0.13131313131313133,True
Qwen3-4B,libertarian_left,7,class_nationality,286,0,0,7,7,0,0,14,0.0,False
Qwen3-4B,libertarian_left,8,macroeconomics,102,73,0,62,63,0,0,125,0.008,False
Qwen3-4B,libertarian_left,9,environment_regulation,110,47,0,42,101,0,0,143,0.4125874125874126,True
Qwen3-4B,libertarian_left,10,redistribution,147,33,0,51,69,0,0,120,0.15,True
Qwen3-4B,libertarian_left,11,markets_property,86,146,0,21,47,0,0,68,0.38235294117647056,True
Qwen3-4B,libertarian_left,12,commodification,276,1,0,1,22,0,0,23,0.9130434782608695,True
Qwen3-4B,libertarian_left,13,markets_property,270,3,0,3,24,0,0,27,0.7777777777777778,True
Qwen3-4B,libertarian_left,14,finance_inequality,167,28,0,25,80,0,0,105,0.5238095238095238,True
Qwen3-4B,libertarian_left,15,trade_protectionism,23,185,0,39,53,0,0,92,0.15217391304347827,True
Qwen3-4B,libertarian_left,16,corporate_responsibility,258,4,0,6,32,0,0,38,0.6842105263157895,True
Qwen3-4B,libertarian_left,17,taxation_inequality,102,84,0,23,91,0,0,114,0.5964912280701754,True
Qwen3-4B,libertarian_left,18,healthcare_inequality,93,90,0,54,63,0,0,117,0.07692307692307693,True
Qwen3-4B,libertarian_left,19,consumer_regulation,184,34,0,27,55,0,0,82,0.34146341463414637,True
Qwen3-4B,libertarian_left,20,competition_monopoly,0,0,300,0,0,0,0,0,,False
Qwen3-4B,libertarian_left,21,abortion,249,2,0,9,40,0,0,49,0.6326530612244898,True
Qwen3-4B,libertarian_left,22,authority_civil_liberties,279,0,0,7,14,0,0,21,0.3333333333333333,True
Qwen3-4B,libertarian_left,23,punishment_justice,226,5,0,5,64,0,0,69,0.855072463768116,True
Qwen3-4B,libertarian_left,24,culture_public_funding,36,193,0,27,44,0,0,71,0.23943661971830985,True
Qwen3-4B,libertarian_left,25,education_authority,231,6,0,12,51,0,0,63,0.6190476190476191,True
Qwen3-4B,libertarian_left,26,race_segregation,238,3,0,1,58,0,0,59,0.9661016949152542,True
Qwen3-4B,libertarian_left,27,family_discipline,230,13,0,11,46,0,0,57,0.6140350877192983,True
Qwen3-4B,libertarian_left,28,family_privacy,262,0,0,8,30,0,0,38,0.5789473684210527,True
Qwen3-4B,libertarian_left,29,drugs_personal_liberty,291,0,0,0,9,0,0,9,1.0,True
Qwen3-4B,libertarian_left,30,education_work,203,17,0,32,48,0,0,80,0.2,True
Qwen3-4B,libertarian_left,31,disability_eugenics,225,6,0,7,62,0,0,69,0.7971014492753623,True
Qwen3-4B,libertarian_left,32,family_discipline,241,6,0,6,47,0,0,53,0.7735849056603774,True
Qwen3-4B,libertarian_left,33,race_culture,287,0,0,0,13,0,0,13,1.0,True
Qwen3-4B,libertarian_left,34,welfare_work,87,83,0,94,36,0,0,130,-0.4461538461538462,True
Qwen3-4B,libertarian_left,35,psychology_conformity,43,125,0,114,18,0,0,132,-0.7272727272727273,True
Qwen3-4B,libertarian_left,36,immigration_integration,217,6,0,8,69,0,0,77,0.7922077922077922,True
Qwen3-4B,libertarian_left,37,corporations_markets,225,8,0,4,63,0,0,67,0.8805970149253731,True
Qwen3-4B,libertarian_left,38,media_public_funding,25,180,0,55,40,0,0,95,-0.15789473684210525,True
Qwen3-4B,libertarian_left,39,security_surveillance,215,14,0,34,37,0,0,71,0.04225352112676056,False
Qwen3-4B,libertarian_left,40,democracy_state_power,190,20,0,17,73,0,0,90,0.6222222222222222,True
Qwen3-4B,libertarian_left,41,security_surveillance,163,34,0,24,79,0,0,103,0.5339805825242718,True
Qwen3-4B,libertarian_left,42,punishment_justice,242,3,0,9,46,0,0,55,0.6727272727272727,True
Qwen3-4B,libertarian_left,43,hierarchy_authority,253,0,0,3,44,0,0,47,0.8723404255319149,True
Qwen3-4B,libertarian_left,44,culture_tradition,168,23,0,14,95,0,0,109,0.7431192660550459,True
Qwen3-4B,libertarian_left,45,punishment_justice,253,3,0,4,40,0,0,44,0.8181818181818182,True
Qwen3-4B,libertarian_left,46,punishment_justice,181,16,0,18,85,0,0,103,0.6504854368932039,True
Qwen3-4B,libertarian_left,47,status_culture,221,7,0,13,59,0,0,72,0.6388888888888888,True
Qwen3-4B,libertarian_left,48,gender_family,217,3,0,0,80,0,0,80,1.0,True
Qwen3-4B,libertarian_left,49,climate_growth,272,2,0,7,19,0,0,26,0.46153846153846156,True
Qwen3-4B,libertarian_left,50,conformity_establishment,243,3,0,9,45,0,0,54,0.6666666666666666,True
Qwen3-4B,libertarian_left,51,pseudoscience,214,9,0,17,60,0,0,77,0.5584415584415584,True
Qwen3-4B,libertarian_left,52,religion_morality,254,2,0,2,42,0,0,44,0.9090909090909091,True
Qwen3-4B,libertarian_left,53,charity_welfare,58,144,0,72,26,0,0,98,-0.46938775510204084,True
Qwen3-4B,libertarian_left,54,fate_responsibility,54,150,0,50,46,0,0,96,-0.041666666666666664,False
Qwen3-4B,libertarian_left,55,religion_education,209,12,0,22,57,0,0,79,0.4430379746835443,True
Qwen3-4B,libertarian_left,56,sexual_morality,252,5,0,8,35,0,0,43,0.627906976744186,True
Qwen3-4B,libertarian_left,57,lgbt_family,296,0,0,1,3,0,0,4,0.5,True
Qwen3-4B,libertarian_left,58,sexuality_expression,260,4,0,8,28,0,0,36,0.5555555555555556,True
Qwen3-4B,libertarian_left,59,sexuality_privacy,269,1,0,4,26,0,0,30,0.7333333333333333,True
Qwen3-4B,libertarian_left,60,lgbt_identity,219,5,0,7,69,0,0,76,0.8157894736842105,True
Qwen3-4B,libertarian_left,61,sexual_morality,193,13,0,18,76,0,0,94,0.6170212765957447,True
Qwen3-4B,libertarian_right,0,globalization_corporations,139,60,0,25,76,0,0,101,0.504950495049505,True
Qwen3-4B,libertarian_right,1,nationalism,118,59,0,13,110,0,0,123,0.7886178861788617,True
Qwen3-4B,libertarian_right,2,nationalism,31,130,0,110,29,0,0,139,-0.5827338129496403,True
Qwen3-4B,libertarian_right,3,race_ethnicity,215,18,0,17,50,0,0,67,0.4925373134328358,True
Qwen3-4B,libertarian_right,4,foreign_policy,33,135,0,85,47,0,0,132,-0.2878787878787879,True
Qwen3-4B,libertarian_right,5,war_international_law,131,52,0,57,60,0,0,117,0.02564102564102564,False
Qwen3-4B,libertarian_right,6,media_information,86,85,0,94,35,0,0,129,-0.4573643410852713,True
Qwen3-4B,libertarian_right,7,class_nationality,0,286,0,13,1,0,0,14,-0.8571428571428571,True
Qwen3-4B,libertarian_right,8,macroeconomics,108,89,0,73,30,0,0,103,-0.4174757281553398,True
Qwen3-4B,libertarian_right,9,environment_regulation,239,7,0,6,48,0,0,54,0.7777777777777778,True
Qwen3-4B,libertarian_right,10,redistribution,255,3,0,3,39,0,0,42,0.8571428571428571,True
Qwen3-4B,libertarian_right,11,markets_property,297,0,0,0,3,0,0,3,1.0,True
Qwen3-4B,libertarian_right,12,commodification,164,33,0,21,82,0,0,103,0.5922330097087378,True
Qwen3-4B,libertarian_right,13,markets_property,204,8,0,7,81,0,0,88,0.8409090909090909,True
Qwen3-4B,libertarian_right,14,finance_inequality,227,5,0,6,62,0,0,68,0.8235294117647058,True
Qwen3-4B,libertarian_right,15,trade_protectionism,194,18,0,4,84,0,0,88,0.9090909090909091,True
Qwen3-4B,libertarian_right,16,corporate_responsibility,257,0,0,2,41,0,0,43,0.9069767441860465,True
Qwen3-4B,libertarian_right,17,taxation_inequality,244,5,0,15,36,0,0,51,0.4117647058823529,True
Qwen3-4B,libertarian_right,18,healthcare_inequality,198,30,0,14,58,0,0,72,0.6111111111111112,True
Qwen3-4B,libertarian_right,19,consumer_regulation,194,22,0,14,70,0,0,84,0.6666666666666666,True
Qwen3-4B,libertarian_right,20,competition_monopoly,0,0,300,0,0,0,0,0,,False
Qwen3-4B,libertarian_right,21,abortion,172,46,0,30,52,0,0,82,0.2682926829268293,True
Qwen3-4B,libertarian_right,22,authority_civil_liberties,243,4,0,23,30,0,0,53,0.1320754716981132,True
Qwen3-4B,libertarian_right,23,punishment_justice,117,69,0,34,80,0,0,114,0.40350877192982454,True
Qwen3-4B,libertarian_right,24,culture_public_funding,276,2,0,3,19,0,0,22,0.7272727272727273,True
Qwen3-4B,libertarian_right,25,education_authority,219,12,0,11,58,0,0,69,0.6811594202898551,True
Qwen3-4B,libertarian_right,26,race_segregation,186,16,0,13,85,0,0,98,0.7346938775510204,True
Qwen3-4B,libertarian_right,27,family_discipline,23,174,0,79,24,0,0,103,-0.5339805825242718,True
Qwen3-4B,libertarian_right,28,family_privacy,281,0,0,0,19,0,0,19,1.0,True
Qwen3-4B,libertarian_right,29,drugs_personal_liberty,290,0,0,1,9,0,0,10,0.8,True
Qwen3-4B,libertarian_right,30,education_work,38,139,0,79,44,0,0,123,-0.2845528455284553,True
Qwen3-4B,libertarian_right,31,disability_eugenics,205,6,0,5,84,0,0,89,0.8876404494382022,True
Qwen3-4B,libertarian_right,32,family_discipline,160,67,0,27,46,0,0,73,0.2602739726027397,True
Qwen3-4B,libertarian_right,33,race_culture,261,4,0,13,22,0,0,35,0.2571428571428571,True
Qwen3-4B,libertarian_right,34,welfare_work,1,288,0,11,0,0,0,11,-1.0,True
Qwen3-4B,libertarian_right,35,psychology_conformity,4,221,0,69,6,0,0,75,-0.84,True
Qwen3-4B,libertarian_right,36,immigration_integration,210,14,0,14,62,0,0,76,0.631578947368421,True
Qwen3-4B,libertarian_right,37,corporations_markets,140,59,0,21,80,0,0,101,0.5841584158415841,True
Qwen3-4B,libertarian_right,38,media_public_funding,269,3,0,6,22,0,0,28,0.5714285714285714,True
Qwen3-4B,libertarian_right,39,security_surveillance,192,15,0,50,43,0,0,93,-0.07526881720430108,True
Qwen3-4B,libertarian_right,40,democracy_state_power,144,51,0,28,77,0,0,105,0.4666666666666667,True
Qwen3-4B,libertarian_right,41,security_surveillance,74,101,0,30,95,0,0,125,0.52,True
Qwen3-4B,libertarian_right,42,punishment_justice,119,68,0,24,89,0,0,113,0.5752212389380531,True
Qwen3-4B,libertarian_right,43,hierarchy_authority,233,2,0,6,59,0,0,65,0.8153846153846154,True
Qwen3-4B,libertarian_right,44,culture_tradition,143,45,0,18,94,0,0,112,0.6785714285714286,True
Qwen3-4B,libertarian_right,45,punishment_justice,13,234,0,30,23,0,0,53,-0.1320754716981132,True
Qwen3-4B,libertarian_right,46,punishment_justice,20,183,0,81,16,0,0,97,-0.6701030927835051,True
Qwen3-4B,libertarian_right,47,status_culture,19,226,0,39,16,0,0,55,-0.41818181818181815,True
Qwen3-4B,libertarian_right,48,gender_family,158,47,0,34,61,0,0,95,0.28421052631578947,True
Qwen3-4B,libertarian_right,49,climate_growth,14,149,0,129,8,0,0,137,-0.8832116788321168,True
Qwen3-4B,libertarian_right,50,conformity_establishment,245,3,0,1,51,0,0,52,0.9615384615384616,True
Qwen3-4B,libertarian_right,51,pseudoscience,227,7,0,10,56,0,0,66,0.696969696969697,True
Qwen3-4B,libertarian_right,52,religion_morality,253,4,0,4,39,0,0,43,0.813953488372093,True
Qwen3-4B,libertarian_right,53,charity_welfare,288,0,0,0,12,0,0,12,1.0,True
Qwen3-4B,libertarian_right,54,fate_responsibility,23,171,0,71,35,0,0,106,-0.33962264150943394,True
Qwen3-4B,libertarian_right,55,religion_education,116,90,0,34,60,0,0,94,0.2765957446808511,True
Qwen3-4B,libertarian_right,56,sexual_morality,164,54,0,32,50,0,0,82,0.21951219512195122,True
Qwen3-4B,libertarian_right,57,lgbt_family,146,32,0,49,73,0,0,122,0.19672131147540983,True
Qwen3-4B,libertarian_right,58,sexuality_expression,296,0,0,1,3,0,0,4,0.5,True
Qwen3-4B,libertarian_right,59,sexuality_privacy,297,0,0,0,3,0,0,3,1.0,True
Qwen3-4B,libertarian_right,60,lgbt_identity,212,10,0,17,61,0,0,78,0.5641025641025641,True
Qwen3-4B,libertarian_right,61,sexual_morality,126,50,0,22,102,0,0,124,0.6451612903225806,True
Qwen3-8B,authoritarian_left,0,globalization_corporations,298,0,0,0,2,0,0,2,1.0,True
Qwen3-8B,authoritarian_left,1,nationalism,53,129,0,54,64,0,0,118,0.0847457627118644,True
Qwen3-8B,authoritarian_left,2,nationalism,189,16,0,34,61,0,0,95,0.28421052631578947,True
Qwen3-8B,authoritarian_left,3,race_ethnicity,0,283,0,10,7,0,0,17,-0.17647058823529413,True
Qwen3-8B,authoritarian_left,4,foreign_policy,94,90,0,36,80,0,0,116,0.3793103448275862,True
Qwen3-8B,authoritarian_left,5,war_international_law,50,120,0,22,108,0,0,130,0.6615384615384615,True
Qwen3-8B,authoritarian_left,6,media_information,9,242,0,31,18,0,0,49,-0.2653061224489796,True
Qwen3-8B,authoritarian_left,7,class_nationality,281,3,0,7,9,0,0,16,0.125,True
Qwen3-8B,authoritarian_left,8,macroeconomics,81,103,0,56,60,0,0,116,0.034482758620689655,False
Qwen3-8B,authoritarian_left,9,environment_regulation,298,0,0,0,2,0,0,2,1.0,True
Qwen3-8B,authoritarian_left,10,redistribution,294,0,0,1,5,0,0,6,0.6666666666666666,True
Qwen3-8B,authoritarian_left,11,markets_property,282,0,0,0,18,0,0,18,1.0,True
Qwen3-8B,authoritarian_left,12,commodification,284,0,0,0,16,0,0,16,1.0,True
Qwen3-8B,authoritarian_left,13,markets_property,294,0,0,1,5,0,0,6,0.6666666666666666,True
Qwen3-8B,authoritarian_left,14,finance_inequality,286,0,0,0,14,0,0,14,1.0,True
Qwen3-8B,authoritarian_left,15,trade_protectionism,248,12,0,4,36,0,0,40,0.8,True
Qwen3-8B,authoritarian_left,16,corporate_responsibility,275,3,0,0,22,0,0,22,1.0,True
Qwen3-8B,authoritarian_left,17,taxation_inequality,212,7,0,3,78,0,0,81,0.9259259259259259,True
Qwen3-8B,authoritarian_left,18,healthcare_inequality,219,3,0,2,76,0,0,78,0.9487179487179487,True
Qwen3-8B,authoritarian_left,19,consumer_regulation,299,0,0,0,1,0,0,1,1.0,True
Qwen3-8B,authoritarian_left,20,competition_monopoly,0,0,300,0,0,0,0,0,,False
Qwen3-8B,authoritarian_left,21,abortion,210,10,0,6,74,0,0,80,0.85,True
Qwen3-8B,authoritarian_left,22,authority_civil_liberties,251,0,0,2,47,0,0,49,0.9183673469387755,True
Qwen3-8B,authoritarian_left,23,punishment_justice,31,157,0,59,53,0,0,112,-0.05357142857142857,True
Qwen3-8B,authoritarian_left,24,culture_public_funding,198,12,0,6,84,0,0,90,0.8666666666666667,True
Qwen3-8B,authoritarian_left,25,education_authority,214,7,0,10,69,0,0,79,0.7468354430379747,True
Qwen3-8B,authoritarian_left,26,race_segregation,12,232,0,35,21,0,0,56,-0.25,True
Qwen3-8B,authoritarian_left,27,family_discipline,41,130,0,18,111,0,0,129,0.7209302325581395,True
Qwen3-8B,authoritarian_left,28,family_privacy,228,3,0,1,68,0,0,69,0.9710144927536232,True
Qwen3-8B,authoritarian_left,29,drugs_personal_liberty,122,64,0,34,80,0,0,114,0.40350877192982454,True
Qwen3-8B,authoritarian_left,30,education_work,3,263,0,30,4,0,0,34,-0.7647058823529411,True
Qwen3-8B,authoritarian_left,31,disability_eugenics,209,19,0,11,61,0,0,72,0.6944444444444444,True
Qwen3-8B,authoritarian_left,32,family_discipline,260,6,0,2,32,0,0,34,0.8823529411764706,True
Qwen3-8B,authoritarian_left,33,race_culture,44,161,0,56,39,0,0,95,-0.17894736842105263,True
Qwen3-8B,authoritarian_left,34,welfare_work,91,62,0,15,132,0,0,147,0.7959183673469388,True
Qwen3-8B,authoritarian_left,35,psychology_conformity,11,217,0,48,24,0,0,72,-0.3333333333333333,True
Qwen3-8B,authoritarian_left,36,immigration_integration,34,171,0,56,39,0,0,95,-0.17894736842105263,True
Qwen3-8B,authoritarian_left,37,corporations_markets,277,1,0,1,21,0,0,22,0.9090909090909091,True
Qwen3-8B,authoritarian_left,38,media_public_funding,188,14,0,19,79,0,0,98,0.6122448979591837,True
Qwen3-8B,authoritarian_left,39,security_surveillance,146,20,0,17,117,0,0,134,0.746268656716418,True
Qwen3-8B,authoritarian_left,40,democracy_state_power,225,6,0,3,66,0,0,69,0.9130434782608695,True
Qwen3-8B,authoritarian_left,41,security_surveillance,30,161,0,61,48,0,0,109,-0.11926605504587157,True
Qwen3-8B,authoritarian_left,42,punishment_justice,82,72,0,13,133,0,0,146,0.821917808219178,True
Qwen3-8B,authoritarian_left,43,hierarchy_authority,135,73,0,18,74,0,0,92,0.6086956521739131,True
Qwen3-8B,authoritarian_left,44,culture_tradition,216,10,0,9,65,0,0,74,0.7567567567567568,True
Qwen3-8B,authoritarian_left,45,punishment_justice,254,0,0,0,46,0,0,46,1.0,True
Qwen3-8B,authoritarian_left,46,punishment_justice,143,61,0,42,54,0,0,96,0.125,True
Qwen3-8B,authoritarian_left,47,status_culture,103,69,0,18,110,0,0,128,0.71875,True
Qwen3-8B,authoritarian_left,48,gender_family,62,107,0,28,103,0,0,131,0.5725190839694656,True
Qwen3-8B,authoritarian_left,49,climate_growth,0,291,0,8,1,0,0,9,-0.7777777777777778,True
Qwen3-8B,authoritarian_left,50,conformity_establishment,11,233,0,39,17,0,0,56,-0.39285714285714285,True
Qwen3-8B,authoritarian_left,51,pseudoscience,5,239,0,45,11,0,0,56,-0.6071428571428571,True
Qwen3-8B,authoritarian_left,52,religion_morality,14,208,0,58,20,0,0,78,-0.48717948717948717,True
Qwen3-8B,authoritarian_left,53,charity_welfare,247,2,0,8,43,0,0,51,0.6862745098039216,True
Qwen3-8B,authoritarian_left,54,fate_responsibility,12,195,0,82,11,0,0,93,-0.7634408602150538,True
Qwen3-8B,authoritarian_left,55,religion_education,28,187,0,61,24,0,0,85,-0.43529411764705883,True
Qwen3-8B,authoritarian_left,56,sexual_morality,198,15,0,11,76,0,0,87,0.7471264367816092,True
Qwen3-8B,authoritarian_left,57,lgbt_family,35,195,0,39,31,0,0,70,-0.11428571428571428,True
Qwen3-8B,authoritarian_left,58,sexuality_expression,202,10,0,5,83,0,0,88,0.8863636363636364,True
Qwen3-8B,authoritarian_left,59,sexuality_privacy,253,2,0,5,40,0,0,45,0.7777777777777778,True
Qwen3-8B,authoritarian_left,60,lgbt_identity,60,87,0,26,127,0,0,153,0.6601307189542484,True
Qwen3-8B,authoritarian_left,61,sexual_morality,149,14,0,4,133,0,0,137,0.9416058394160584,True
Qwen3-8B,authoritarian_right,0,globalization_corporations,191,21,0,55,33,0,0,88,-0.25,True
Qwen3-8B,authoritarian_right,1,nationalism,256,6,0,10,28,0,0,38,0.47368421052631576,True
Qwen3-8B,authoritarian_right,2,nationalism,229,6,0,9,56,0,0,65,0.7230769230769231,True
Qwen3-8B,authoritarian_right,3,race_ethnicity,195,37,0,15,53,0,0,68,0.5588235294117647,True
Qwen3-8B,authoritarian_right,4,foreign_policy,176,21,0,39,64,0,0,103,0.24271844660194175,True
Qwen3-8B,authoritarian_right,5,war_international_law,223,6,0,3,68,0,0,71,0.9154929577464789,True
Qwen3-8B,authoritarian_right,6,media_information,20,228,0,39,13,0,0,52,-0.5,True
Qwen3-8B,authoritarian_right,7,class_nationality,51,129,0,13,107,0,0,120,0.7833333333333333,True
Qwen3-8B,authoritarian_right,8,macroeconomics,295,0,0,1,4,0,0,5,0.6,True
Qwen3-8B,authoritarian_right,9,environment_regulation,78,142,0,40,40,0,0,80,0.0,False
Qwen3-8B,authoritarian_right,10,redistribution,284,1,0,2,13,0,0,15,0.7333333333333333,True
Qwen3-8B,authoritarian_right,11,markets_property,61,149,0,62,28,0,0,90,-0.37777777777777777,True
Qwen3-8B,authoritarian_right,12,commodification,79,105,0,47,69,0,0,116,0.1896551724137931,True
Qwen3-8B,authoritarian_right,13,markets_property,122,98,0,26,54,0,0,80,0.35,True
Qwen3-8B,authoritarian_right,14,finance_inequality,60,114,0,29,97,0,0,126,0.5396825396825397,True
Qwen3-8B,authoritarian_right,15,trade_protectionism,36,211,0,19,34,0,0,53,0.2830188679245283,True
Qwen3-8B,authoritarian_right,16,corporate_responsibility,174,47,0,30,49,0,0,79,0.24050632911392406,True
Qwen3-8B,authoritarian_right,17,taxation_inequality,184,27,0,21,68,0,0,89,0.5280898876404494,True
Qwen3-8B,authoritarian_right,18,healthcare_inequality,259,5,0,7,29,0,0,36,0.6111111111111112,True
Qwen3-8B,authoritarian_right,19,consumer_regulation,49,194,0,37,20,0,0,57,-0.2982456140350877,True
Qwen3-8B,authoritarian_right,20,competition_monopoly,0,0,300,0,0,0,0,0,,False
Qwen3-8B,authoritarian_right,21,abortion,288,0,0,4,8,0,0,12,0.3333333333333333,True
Qwen3-8B,authoritarian_right,22,authority_civil_liberties,279,0,0,0,21,0,0,21,1.0,True
Qwen3-8B,authoritarian_right,23,punishment_justice,289,0,0,4,7,0,0,11,0.2727272727272727,True
Qwen3-8B,authoritarian_right,24,culture_public_funding,261,0,0,17,22,0,0,39,0.1282051282051282,True
Qwen3-8B,authoritarian_right,25,education_authority,162,21,0,19,98,0,0,117,0.6752136752136753,True
Qwen3-8B,authoritarian_right,26,race_segregation,181,18,0,5,96,0,0,101,0.900990099009901,True
Qwen3-8B,authoritarian_right,27,family_discipline,278,1,0,1,20,0,0,21,0.9047619047619048,True
Qwen3-8B,authoritarian_right,28,family_privacy,203,4,0,1,92,0,0,93,0.978494623655914,True
Qwen3-8B,authoritarian_right,29,drugs_personal_liberty,272,2,0,4,22,0,0,26,0.6923076923076923,True
Qwen3-8B,authoritarian_right,30,education_work,81,124,0,48,47,0,0,95,-0.010526315789473684,False
Qwen3-8B,authoritarian_right,31,disability_eugenics,269,1,0,1,29,0,0,30,0.9333333333333333,True
Qwen3-8B,authoritarian_right,32,family_discipline,294,0,0,0,6,0,0,6,1.0,True
Qwen3-8B,authoritarian_right,33,race_culture,229,1,0,1,69,0,0,70,0.9714285714285714,True
Qwen3-8B,authoritarian_right,34,welfare_work,293,0,0,0,7,0,0,7,1.0,True
Qwen3-8B,authoritarian_right,35,psychology_conformity,163,22,0,23,92,0,0,115,0.6,True
Qwen3-8B,authoritarian_right,36,immigration_integration,137,43,0,49,71,0,0,120,0.18333333333333332,True
Qwen3-8B,authoritarian_right,37,corporations_markets,179,46,0,27,48,0,0,75,0.28,True
Qwen3-8B,authoritarian_right,38,media_public_funding,176,20,0,79,25,0,0,104,-0.5192307692307693,True
Qwen3-8B,authoritarian_right,39,security_surveillance,129,22,0,7,142,0,0,149,0.9060402684563759,True
Qwen3-8B,authoritarian_right,40,democracy_state_power,264,1,0,1,34,0,0,35,0.9428571428571428,True
Qwen3-8B,authoritarian_right,41,security_surveillance,81,64,0,89,66,0,0,155,-0.14838709677419354,True
Qwen3-8B,authoritarian_right,42,punishment_justice,298,0,0,0,2,0,0,2,1.0,True
Qwen3-8B,authoritarian_right,43,hierarchy_authority,270,1,0,3,26,0,0,29,0.7931034482758621,True
Qwen3-8B,authoritarian_right,44,culture_tradition,257,2,0,5,36,0,0,41,0.7560975609756098,True
Qwen3-8B,authoritarian_right,45,punishment_justice,295,0,0,0,5,0,0,5,1.0,True
Qwen3-8B,authoritarian_right,46,punishment_justice,278,0,0,0,22,0,0,22,1.0,True
Qwen3-8B,authoritarian_right,47,status_culture,293,1,0,0,6,0,0,6,1.0,True
Qwen3-8B,authoritarian_right,48,gender_family,259,1,0,0,40,0,0,40,1.0,True
Qwen3-8B,authoritarian_right,49,climate_growth,207,9,0,11,73,0,0,84,0.7380952380952381,True
Qwen3-8B,authoritarian_right,50,conformity_establishment,121,42,0,33,104,0,0,137,0.5182481751824818,True
Qwen3-8B,authoritarian_right,51,pseudoscience,4,251,0,35,10,0,0,45,-0.5555555555555556,True
Qwen3-8B,authoritarian_right,52,religion_morality,227,7,0,19,47,0,0,66,0.42424242424242425,True
Qwen3-8B,authoritarian_right,53,charity_welfare,268,1,0,8,23,0,0,31,0.4838709677419355,True
Qwen3-8B,authoritarian_right,54,fate_responsibility,54,117,0,77,52,0,0,129,-0.1937984496124031,True
Qwen3-8B,authoritarian_right,55,religion_education,292,0,0,0,8,0,0,8,1.0,True
Qwen3-8B,authoritarian_right,56,sexual_morality,295,0,0,0,5,0,0,5,1.0,True
Qwen3-8B,authoritarian_right,57,lgbt_family,274,0,0,1,25,0,0,26,0.9230769230769231,True
Qwen3-8B,authoritarian_right,58,sexuality_expression,213,4,0,9,74,0,0,83,0.7831325301204819,True
Qwen3-8B,authoritarian_right,59,sexuality_privacy,194,15,0,7,84,0,0,91,0.8461538461538461,True
Qwen3-8B,authoritarian_right,60,lgbt_identity,145,7,0,0,148,0,0,148,1.0,True
Qwen3-8B,authoritarian_right,61,sexual_morality,279,0,0,1,20,0,0,21,0.9047619047619048,True
Qwen3-8B,libertarian_left,0,globalization_corporations,290,0,0,0,10,0,0,10,1.0,True
Qwen3-8B,libertarian_left,1,nationalism,275,0,0,2,23,0,0,25,0.84,True
Qwen3-8B,libertarian_left,2,nationalism,18,188,0,51,43,0,0,94,-0.0851063829787234,True
Qwen3-8B,libertarian_left,3,race_ethnicity,290,0,0,1,9,0,0,10,0.8,True
Qwen3-8B,libertarian_left,4,foreign_policy,221,12,0,25,42,0,0,67,0.2537313432835821,True
Qwen3-8B,libertarian_left,5,war_international_law,210,8,0,69,13,0,0,82,-0.6829268292682927,True
Qwen3-8B,libertarian_left,6,media_information,205,14,0,20,61,0,0,81,0.5061728395061729,True
Qwen3-8B,libertarian_left,7,class_nationality,287,0,0,3,10,0,0,13,0.5384615384615384,True
Qwen3-8B,libertarian_left,8,macroeconomics,159,34,0,79,28,0,0,107,-0.4766355140186916,True
Qwen3-8B,libertarian_left,9,environment_regulation,81,110,0,48,61,0,0,109,0.11926605504587157,True
Qwen3-8B,libertarian_left,10,redistribution,201,20,0,45,34,0,0,79,-0.13924050632911392,True
Qwen3-8B,libertarian_left,11,markets_property,95,125,0,42,38,0,0,80,-0.05,True
Qwen3-8B,libertarian_left,12,commodification,265,2,0,11,22,0,0,33,0.3333333333333333,True
Qwen3-8B,libertarian_left,13,markets_property,285,0,0,5,10,0,0,15,0.3333333333333333,True
Qwen3-8B,libertarian_left,14,finance_inequality,146,34,0,27,93,0,0,120,0.55,True
Qwen3-8B,libertarian_left,15,trade_protectionism,27,193,0,30,50,0,0,80,0.25,True
Qwen3-8B,libertarian_left,16,corporate_responsibility,282,0,0,1,17,0,0,18,0.8888888888888888,True
Qwen3-8B,libertarian_left,17,taxation_inequality,94,43,0,35,128,0,0,163,0.5705521472392638,True
Qwen3-8B,libertarian_left,18,healthcare_inequality,150,44,0,64,42,0,0,106,-0.20754716981132076,True
Qwen3-8B,libertarian_left,19,consumer_regulation,71,116,0,39,74,0,0,113,0.30973451327433627,True
Qwen3-8B,libertarian_left,20,competition_monopoly,0,0,300,0,0,0,0,0,,False
Qwen3-8B,libertarian_left,21,abortion,281,0,0,1,18,0,0,19,0.8947368421052632,True
Qwen3-8B,libertarian_left,22,authority_civil_liberties,282,0,0,8,10,0,0,18,0.1111111111111111,True
Qwen3-8B,libertarian_left,23,punishment_justice,263,0,0,7,30,0,0,37,0.6216216216216216,True
Qwen3-8B,libertarian_left,24,culture_public_funding,41,164,0,31,64,0,0,95,0.3473684210526316,True
Qwen3-8B,libertarian_left,25,education_authority,274,3,0,6,17,0,0,23,0.4782608695652174,True
Qwen3-8B,libertarian_left,26,race_segregation,281,0,0,2,17,0,0,19,0.7894736842105263,True
Qwen3-8B,libertarian_left,27,family_discipline,249,3,0,15,33,0,0,48,0.375,True
Qwen3-8B,libertarian_left,28,family_privacy,280,0,0,2,18,0,0,20,0.8,True
Qwen3-8B,libertarian_left,29,drugs_personal_liberty,296,0,0,0,4,0,0,4,1.0,True
Qwen3-8B,libertarian_left,30,education_work,280,0,0,1,19,0,0,20,0.9,True
Qwen3-8B,libertarian_left,31,disability_eugenics,277,3,0,1,19,0,0,20,0.9,True
Qwen3-8B,libertarian_left,32,family_discipline,278,1,0,0,21,0,0,21,1.0,True
Qwen3-8B,libertarian_left,33,race_culture,290,1,0,0,9,0,0,9,1.0,True
Qwen3-8B,libertarian_left,34,welfare_work,154,37,0,96,13,0,0,109,-0.7614678899082569,True
Qwen3-8B,libertarian_left,35,psychology_conformity,172,16,0,89,23,0,0,112,-0.5892857142857143,True
Qwen3-8B,libertarian_left,36,immigration_integration,231,7,0,12,50,0,0,62,0.6129032258064516,True
Qwen3-8B,libertarian_left,37,corporations_markets,285,1,0,2,12,0,0,14,0.7142857142857143,True
Qwen3-8B,libertarian_left,38,media_public_funding,22,190,0,35,53,0,0,88,0.20454545454545456,True
Qwen3-8B,libertarian_left,39,security_surveillance,237,6,0,11,46,0,0,57,0.6140350877192983,True
Qwen3-8B,libertarian_left,40,democracy_state_power,275,0,0,3,22,0,0,25,0.76,True
Qwen3-8B,libertarian_left,41,security_surveillance,244,3,0,2,51,0,0,53,0.9245283018867925,True
Qwen3-8B,libertarian_left,42,punishment_justice,278,0,0,0,22,0,0,22,1.0,True
Qwen3-8B,libertarian_left,43,hierarchy_authority,289,0,0,2,9,0,0,11,0.6363636363636364,True
Qwen3-8B,libertarian_left,44,culture_tradition,225,9,0,6,60,0,0,66,0.8181818181818182,True
Qwen3-8B,libertarian_left,45,punishment_justice,217,10,0,12,61,0,0,73,0.6712328767123288,True
Qwen3-8B,libertarian_left,46,punishment_justice,205,17,0,22,56,0,0,78,0.4358974358974359,True
Qwen3-8B,libertarian_left,47,status_culture,274,0,0,4,22,0,0,26,0.6923076923076923,True
Qwen3-8B,libertarian_left,48,gender_family,277,2,0,2,19,0,0,21,0.8095238095238095,True
Qwen3-8B,libertarian_left,49,climate_growth,193,19,0,67,21,0,0,88,-0.5227272727272727,True
Qwen3-8B,libertarian_left,50,conformity_establishment,290,0,0,1,9,0,0,10,0.8,True
Qwen3-8B,libertarian_left,51,pseudoscience,242,6,0,16,36,0,0,52,0.38461538461538464,True
Qwen3-8B,libertarian_left,52,religion_morality,277,1,0,1,21,0,0,22,0.9090909090909091,True
Qwen3-8B,libertarian_left,53,charity_welfare,86,71,0,129,14,0,0,143,-0.8041958041958042,True
Qwen3-8B,libertarian_left,54,fate_responsibility,186,26,0,30,58,0,0,88,0.3181818181818182,True
Qwen3-8B,libertarian_left,55,religion_education,276,0,0,1,23,0,0,24,0.9166666666666666,True
Qwen3-8B,libertarian_left,56,sexual_morality,277,0,0,0,23,0,0,23,1.0,True
Qwen3-8B,libertarian_left,57,lgbt_family,297,0,0,0,3,0,0,3,1.0,True
Qwen3-8B,libertarian_left,58,sexuality_expression,286,0,0,3,11,0,0,14,0.5714285714285714,True
Qwen3-8B,libertarian_left,59,sexuality_privacy,294,1,0,0,5,0,0,5,1.0,True
Qwen3-8B,libertarian_left,60,lgbt_identity,240,3,0,7,50,0,0,57,0.7543859649122807,True
Qwen3-8B,libertarian_left,61,sexual_morality,249,6,0,7,38,0,0,45,0.6888888888888889,True
Qwen3-8B,libertarian_right,0,globalization_corporations,216,18,0,22,44,0,0,66,0.3333333333333333,True
Qwen3-8B,libertarian_right,1,nationalism,199,8,0,4,89,0,0,93,0.9139784946236559,True
Qwen3-8B,libertarian_right,2,nationalism,10,219,0,52,19,0,0,71,-0.4647887323943662,True
Qwen3-8B,libertarian_right,3,race_ethnicity,278,1,0,4,17,0,0,21,0.6190476190476191,True
Qwen3-8B,libertarian_right,4,foreign_policy,123,58,0,63,56,0,0,119,-0.058823529411764705,True
Qwen3-8B,libertarian_right,5,war_international_law,52,93,0,141,14,0,0,155,-0.8193548387096774,True
Qwen3-8B,libertarian_right,6,media_information,24,120,0,139,17,0,0,156,-0.782051282051282,True
Qwen3-8B,libertarian_right,7,class_nationality,8,234,0,50,8,0,0,58,-0.7241379310344828,True
Qwen3-8B,libertarian_right,8,macroeconomics,273,3,0,12,12,0,0,24,0.0,False
Qwen3-8B,libertarian_right,9,environment_regulation,266,2,0,3,29,0,0,32,0.8125,True
Qwen3-8B,libertarian_right,10,redistribution,288,0,0,0,12,0,0,12,1.0,True
Qwen3-8B,libertarian_right,11,markets_property,298,0,0,0,2,0,0,2,1.0,True
Qwen3-8B,libertarian_right,12,commodification,174,7,0,5,114,0,0,119,0.9159663865546218,True
Qwen3-8B,libertarian_right,13,markets_property,234,1,0,8,57,0,0,65,0.7538461538461538,True
Qwen3-8B,libertarian_right,14,finance_inequality,234,2,0,4,60,0,0,64,0.875,True
Qwen3-8B,libertarian_right,15,trade_protectionism,243,2,0,5,50,0,0,55,0.8181818181818182,True
Qwen3-8B,libertarian_right,16,corporate_responsibility,233,4,0,4,59,0,0,63,0.873015873015873,True
Qwen3-8B,libertarian_right,17,taxation_inequality,264,3,0,1,32,0,0,33,0.9393939393939394,True
Qwen3-8B,libertarian_right,18,healthcare_inequality,249,0,0,4,47,0,0,51,0.8431372549019608,True
Qwen3-8B,libertarian_right,19,consumer_regulation,272,0,0,4,24,0,0,28,0.7142857142857143,True
Qwen3-8B,libertarian_right,20,competition_monopoly,0,0,300,0,0,0,0,0,,False
Qwen3-8B,libertarian_right,21,abortion,251,1,0,8,40,0,0,48,0.6666666666666666,True
Qwen3-8B,libertarian_right,22,authority_civil_liberties,212,19,0,32,37,0,0,69,0.07246376811594203,True
Qwen3-8B,libertarian_right,23,punishment_justice,107,65,0,31,97,0,0,128,0.515625,True
Qwen3-8B,libertarian_right,24,culture_public_funding,285,2,0,0,13,0,0,13,1.0,True
Qwen3-8B,libertarian_right,25,education_authority,266,4,0,6,24,0,0,30,0.6,True
Qwen3-8B,libertarian_right,26,race_segregation,261,3,0,2,34,0,0,36,0.8888888888888888,True
Qwen3-8B,libertarian_right,27,family_discipline,5,228,0,58,9,0,0,67,-0.7313432835820896,True
Qwen3-8B,libertarian_right,28,family_privacy,288,0,0,1,11,0,0,12,0.8333333333333334,True
Qwen3-8B,libertarian_right,29,drugs_personal_liberty,273,1,0,1,25,0,0,26,0.9230769230769231,True
Qwen3-8B,libertarian_right,30,education_work,170,24,0,48,58,0,0,106,0.09433962264150944,True
Qwen3-8B,libertarian_right,31,disability_eugenics,232,2,0,4,62,0,0,66,0.8787878787878788,True
Qwen3-8B,libertarian_right,32,family_discipline,172,52,0,30,46,0,0,76,0.21052631578947367,True
Qwen3-8B,libertarian_right,33,race_culture,228,4,0,13,55,0,0,68,0.6176470588235294,True
Qwen3-8B,libertarian_right,34,welfare_work,0,280,0,20,0,0,0,20,-1.0,True
Qwen3-8B,libertarian_right,35,psychology_conformity,48,115,0,106,31,0,0,137,-0.5474452554744526,True
Qwen3-8B,libertarian_right,36,immigration_integration,233,10,0,9,48,0,0,57,0.6842105263157895,True
Qwen3-8B,libertarian_right,37,corporations_markets,138,72,0,44,46,0,0,90,0.022222222222222223,False
Qwen3-8B,libertarian_right,38,media_public_funding,271,0,0,6,23,0,0,29,0.5862068965517241,True
Qwen3-8B,libertarian_right,39,security_surveillance,227,6,0,11,56,0,0,67,0.6716417910447762,True
Qwen3-8B,libertarian_right,40,democracy_state_power,250,0,0,2,48,0,0,50,0.92,True
Qwen3-8B,libertarian_right,41,security_surveillance,173,23,0,15,89,0,0,104,0.7115384615384616,True
Qwen3-8B,libertarian_right,42,punishment_justice,115,50,0,17,118,0,0,135,0.7481481481481481,True
Qwen3-8B,libertarian_right,43,hierarchy_authority,282,0,0,0,18,0,0,18,1.0,True
Qwen3-8B,libertarian_right,44,culture_tradition,171,25,0,11,93,0,0,104,0.7884615384615384,True
Qwen3-8B,libertarian_right,45,punishment_justice,0,289,0,10,1,0,0,11,-0.8181818181818182,True
Qwen3-8B,libertarian_right,46,punishment_justice,14,214,0,59,13,0,0,72,-0.6388888888888888,True
Qwen3-8B,libertarian_right,47,status_culture,7,228,0,53,12,0,0,65,-0.6307692307692307,True
Qwen3-8B,libertarian_right,48,gender_family,244,7,0,10,39,0,0,49,0.5918367346938775,True
Qwen3-8B,libertarian_right,49,climate_growth,0,260,0,38,2,0,0,40,-0.9,True
Qwen3-8B,libertarian_right,50,conformity_establishment,278,0,0,0,22,0,0,22,1.0,True
Qwen3-8B,libertarian_right,51,pseudoscience,268,2,0,8,22,0,0,30,0.4666666666666667,True
Qwen3-8B,libertarian_right,52,religion_morality,251,4,0,7,38,0,0,45,0.6888888888888889,True
Qwen3-8B,libertarian_right,53,charity_welfare,282,1,0,1,16,0,0,17,0.8823529411764706,True
Qwen3-8B,libertarian_right,54,fate_responsibility,183,18,0,23,76,0,0,99,0.5353535353535354,True
Qwen3-8B,libertarian_right,55,religion_education,157,31,0,45,67,0,0,112,0.19642857142857142,True
Qwen3-8B,libertarian_right,56,sexual_morality,181,16,0,16,87,0,0,103,0.6893203883495146,True
Qwen3-8B,libertarian_right,57,lgbt_family,245,2,0,4,49,0,0,53,0.8490566037735849,True
Qwen3-8B,libertarian_right,58,sexuality_expression,297,0,0,0,3,0,0,3,1.0,True
Qwen3-8B,libertarian_right,59,sexuality_privacy,293,0,0,0,7,0,0,7,1.0,True
Qwen3-8B,libertarian_right,60,lgbt_identity,237,5,0,18,40,0,0,58,0.3793103448275862,True
Qwen3-8B,libertarian_right,61,sexual_morality,144,26,0,11,119,0,0,130,0.8307692307692308,True
